Intel Core Ultra 5 225F【10核】3.3G(↑4.9G)/20M/無內顯【代理盒裝】,$7990↘$7650 ◆ ★
[強勢精選225F] Intel Core Ultra 5 225F【10核】=>搭華碩TUF GAMING B860M-PLUS,$6150 ★ 熱賣
Intel Core Ultra 5 225【10核】3.3G(↑4.9G)/20M/內顯Xe-core【代理盒裝】,$8750↘$8400 ◆ ★
[強勢精選225] Intel Core Ultra 5 225【10核】=>搭華碩TUF GAMING B860M-PLUS,$6900 ★ 熱賣
Intel Core Ultra 5 235【14核】3.4G(↑5.0G)/24M/內顯Xe-core【代理盒】,$9300↘$8800 ◆ ★
Intel Core Ultra 5 245KF【14核】4.2G(↑5.2G)/24M/無內顯/無風扇【代理盒裝】,$9650↘$9300 ◆ ★
Intel Core Ultra 5 245K【14核】4.2G(↑5.2G)/24M/內顯Xe-core/無風扇【代理盒】,$9999↘$9600 ◆ ★
Intel Core Ultra 7 265KF【20核】3.9G(↑5.5G)/30M/無內顯/無風扇【代理盒裝】,$11800↘$9300 ◆ ★
[專案265KF] Intel Core Ultra 7 265KF【20核】3.9G =>搭技嘉Z890任選 6/30止,$7200 ★ 熱賣
[專案265KF] Intel Core Ultra 7 265KF【20核】3.9G =>搭技嘉B860 AROUS系列6/30止,$8200 ★
Intel Core Ultra 7 265K【20核】3.9G(↑5.5G)/30M/內顯Xe-core/無風扇【代理盒】,$12800↘$9950 ◆ ★
[專案265K] Intel Core Ultra 7 265K【20核】3.9G =>搭技嘉Z890任選 6/30止,$7790 ★ 熱賣
[專案265K] Intel Core Ultra 7 265K【20核】3.9G =>搭技嘉B860 AROUS系列6/30止,$8790 ★
Intel Core Ultra 9 285K【24核】3.7G(↑5.7G)/36M/內顯Xe-core/無風扇【代理盒】,$19600↘$19500 ◆ ★
Intel Processor 300【2核/4緒】3.9GHz/6M/UHD710/46W【代理盒】,$2680 ◆ ★
Intel i3-14100F【4核/8緒】3.5GHz(↑4.7GHz)/20M/無內顯/58W 【代理盒裝】,$2880 ◆ ★
Intel i3-14100【4核/8緒】3.5GHz(↑4.7GHz)/20M/UHD730/60W 【代理盒裝】,$3480 ◆ ★
Intel i5-14400F【10核/16緒】2.5GHz(↑4.7G)/24M/無內顯/65W 【代理盒裝】,$4580↘$4380 ◆ ★
Intel i5-14400【10核/16緒】2.5GHz(↑4.7G)/24M/UHD730/65W 【代理盒裝】,$5550↘$5450 ◆ ★ 熱賣
Intel i5-14600KF【14核/20緒】3.5G(↑5.3G)/24M/無內顯/無風扇【代理盒裝】,$7200↘$6800 ◆ ★
i5-14600KF 任搭Z790主機板 (需跟主板在同一張發票開立)現折$300元,$6600 ◆ ★ 熱賣
Intel i5-14600K【14核/20緒】3.5G(↑5.3G)/24M/UHD770/無風扇【代理盒裝】,$7600↘$7300 ◆ ★
i5-14600K 任搭Z790主機板 (需跟主板在同一張發票開立)現折$300元,$7000 ◆ ★ 熱賣
Intel i7-14700F【20核/28緒】2.1GHz(↑5.4G)/33M/無內顯/65W 【代理盒裝】,$9680↘$9600 ◆ ★
Intel i7-14700【20核/28緒】2.1GHz(↑5.4G)/33M/UHD770/65W 【代理盒裝】,$10200 ◆ ★
Intel i7-14700KF【20核/28緒】3.4G(↑5.6G)/33M/無內顯/無風扇【代理盒裝】,$11200↘$10800 ◆ ★
i7-14700KF 任搭Z790主機板 (需跟主板在同一張發票開立)現折$250元,$10550 ◆ ★ 熱賣
Intel i7-14700K【20核/28緒】3.4G(↑5.6G)/33M/UHD770/無風扇【代理盒裝】,$12200↘$12000 ◆ ★
i7-14700K 任搭Z790主機板 (需跟主板在同一張發票開立)現折$450元,$11550 ◆ ★ 熱賣
Intel i9-14900KF【24核/32緒】3.2G(↑6.0G)/36M/無內顯/無風扇【代理盒裝】,$15300 ◆ ★
i9-14900KF 任搭Z790主機板 (需跟主板在同一張發票開立)現折$600元,$14700 ◆ ★ 熱賣
Intel i9-14900K【24核/32緒】3.2G(↑6.0G)/36M/UHD770/無風扇【代理盒裝】,$16400↘$15990 ◆ ★
i9-14900K 任搭Z790主機板 (需跟主板在同一張發票開立)現折$600元,$15390 ◆ ★ 熱賣
Intel i3-12100【4核/8緒】3.3G(↑4.3G)/12M/UHD730/60w 【代理盒裝】全球三年保,$3250 ◆ ★
Intel i5-12400F【6核/12緒】2.5G(↑4.4G)/18M/無內顯/65w 【代理盒裝】全球三年保,$3450 ◆ ★
Intel i5-12400【6核/12緒】2.5G(↑4.4G)/18M/UHD730/65w 【代理盒裝】全球三年保,$4500↘$4450 ◆ ★
Intel i7-12700K【12核/20緒】3.6G(↑5.0G)/25M/UHD770/無風扇【代理盒】全球三年保,$9350 ◆ ★
Intel Xeon W5-2455X【12核/24緒】3.20GHz(↑4.6GHz)/30M/200W 【代理盒裝】,$36700 ◆ ★
Intel Xeon W5-2465X【16核/32緒】3.10GHz(↑4.7GHz)/33.75M/200W【代理盒裝】,$47900 ◆ ★
Intel Xeon W5-3435X【16核/32緒】3.10GHz(↑4.7GHz)/45M/270W【代理盒裝】,$56500 ◆ ★
Intel Xeon W7-3465X【28核/56緒】2.50GHz(↑4.8GHz)/75M/300W【代理盒裝】,$100500 ◆ ★
Intel Xeon W9-3475X【36核/72緒】2.20GHz(↑4.8GHz)/82.5M/300W【代理盒裝】,$132500 ◆ ★
AMD R5 3400G 代理盒裝【4核/8緒】3.7G(↑4.2G)65W/12nm/代理商三年保/含內顯,$2550 ◆ ★ 熱賣
AMD R5 5500GT 代理盒裝【6核/12緒】3.6G(↑4.4G)65W/含內顯/7nm,$3950 ◆ ★
AMD R5 5600GT 代理盒裝【6核/12緒】3.6G(↑4.6G)65W/含內顯/7nm,$4450 ◆ ★ 熱賣
AMD R5 5600X 代理盒裝【6核/12緒】3.7G(↑4.6G)65W/32M/7nm 三年保,$5690 ◆ ★
AMD R5 5600XT MPK(含風扇)【6核/12緒】3.7G(↑4.7G)65W/32M/7nm代理商三年保,$3990 ◆ ★ 熱賣
AMD R7 5700X 代理盒裝【8核/16緒】3.4G(↑4.6G)65W/32M/無風扇/7nm 原生PCIe4.0,$6490 ◆ ★
AMD R7 5800XT MPK (含風扇)【8核/16緒】3.7G(↑4.6G)105W/32M/7nm代理商三年保,$6490 ◆ ★ 熱賣
【任搭AM4專案主板省$1200】技嘉 B550M DS3H AC(有線+無線+藍芽) 與CPU同發票 6/30止,$1890 ★
【任搭AM4專案主板省$800】技嘉 B550M AORUS ELITE(須跟CPU同一張發票開立) 6/30止,$2390 ★
【任搭AM4專案主板省$1200】華碩 PRIME B550M-A AC (有線+無線+藍芽) 與U同發票,$1990 ★
AMD R5 7500F MPK(含風扇)【6核/12緒】3.7G(↑5.0G)代理商三年保,$4990 ◆ ★ 熱賣
[強勢精選7500F]AMD R5 7500F MPK(含風扇)【6核/12緒】=> 任搭華碩B840主板,$4490 ★ 熱賣
AMD R5 7600代理盒裝【6核/12緒】3.8G(↑5.1G)65W/具RDNA內顯,$6650 ◆ ★
AMD R7 7700 MPK(代理含風扇)【8核/16緒】3.8G(↑5.3G)65W代理商三年保,$7390 ◆ ★ 熱賣
【搭75/76/77專案主板】華碩 PRIME B840M-A WIFI-CSM (含無線WIFI 現省$.500),$3490 ★
【搭75/76/77專案主板】技嘉 B850M GAMING X WIFI6E (含無線WIFI 現省$.300),$5690 ★
AMD R7 7800X3D盒【8核/16緒】4.2G(↑5.0G)96M/120W/具內顯,$13950↘$12950 ◆ ★
[精選78X3D] AMD R7 7800X3D盒【8核/16緒】4.2G =>任搭技嘉 X870主板 6/21止,$11950 ★ 熱賣
[精選78X3D] AMD R7 7800X3D盒【8核/16緒】4.2G =>任搭技嘉 B850主板 6/21止,$12450 ★ 熱賣
AMD R9 7950X代理盒裝【16核/32緒】4.5G(↑5.7G)170W/具RDNA內顯,$18900 ◆ ★
AMD R9 7950X3D盒【16核/32緒】4.2G(↑5.7G)128M/120W/具RDNA內顯,$22950 ◆ ★
AMD R5 8400F MPK(代理含風扇)【6核/12緒】4.2G(↑4.7G)65W,$3990 ◆ ★ 熱賣
AMD R7 8700F MPK(代理含風扇)【8核/16緒】4.1G(↑5.0G)65W/內建NPU支持AI~,$5990 ◆ ★
AMD R5 8400F盒【6核/12緒】4.2G(↑4.7G)65W,$4950 ◆ ★ ↓酷幣200↓
AMD R5 8400F盒【6核/12緒】4.2G(↑4.7G)65W【任搭主機板】,$4450 ◆ ★ ↓酷幣200↓
AMD R5 8600G盒【6核/12緒】4.3G(↑5.0G)65W/RDNA 3內顯~內建NPU支持AI~,$6450 ◆ ★
AMD R7 8700G盒【8核/16緒】4.2G(↑5.1G)65W/RDNA 3內顯~內建NPU支持AI~,$9450 ◆ ★
AMD R5 9600代理盒裝【6核/12緒】3.8G(↑5.2G)65W/具RDNA內顯,$7850 ◆ ★
AMD R5 9600X代理盒裝【6核/12緒】3.9G(↑5.4G)65W/具RDNA內顯,$8050 ◆ ★ 熱賣
AMD R7 9700X代理盒裝【8核/16緒】3.8G(↑5.5G)65W/具RDNA內顯,$11550 ◆ ★ 熱賣
AMD R7 9800X3D代理盒裝【8核/16緒】4.7G(↑5.2G)120W/96M/具RDAN內顯,$16950↘$15700 ◆ ★ 熱賣
AMD R9 9900X代理盒裝【12核/24緒】4.4G(↑5.6G)120W/具內顯,$14850 ◆ ★
AMD R9 9900X3D代理盒裝【12核/24緒】4.4G(↑5.5G)120W/具內顯,$21250 ◆ ★ 熱賣
AMD R9 9950X代理盒裝【16核/32緒】4.3G(↑5.7G)170W/具內顯,$20950 ◆ ★ 熱賣
AMD R9 9950X3D代理盒裝【16核/32緒】4.3G(↑5.7G)170W/具內顯,$25250 ◆ ★ 熱賣
AMD Ryzen TR 7980X盒【64核/128緒】3.2G(↑5.1G)350W/320M/7nm,$182700 ◆ ★
AMD Ryzen TR PRO 7955WX盒【16核/32緒】4.5G(↑5.3G)350W/64M/7nm,$57700 ◆ ★
華碩 PRO WS W680M-ACE SE(M-ATX/雙Intel 2.5Gb+LAN 1Gb) *支援BMC遠端管理,$12990 ◆ ★
華碩 PRO WS W680-ACE IPMI(ATX/1A1H1P/雙Intel 2.5Gb/註四年)附華碩IPMI擴展卡,$13990 ◆ ★
華碩 PRO WS Z890-ACE SE(ATX/Marvell 10Gb+Intel 2.5Gb+LAN 1Gb)16+2+1+2相,$16990 ◆ ★
華碩 Pro WS W790-ACE(CEB/8*DDR5/Marvell 10Gb+Intel 2.5Gb/註四年)IPMI遠程管理,$27990 ◆ ★
華碩 Pro WS W790E-SAGE SE(EEB/8*DDR5/2*Intel 10G+LAN 1Gb)14+1+1功率級,$39990 ◆ ★
技嘉 W790 AI TOP(EEB/8*DDR5/Marvell 10Gb+Intel 10Gb/註冊五年保)16+2+2相,$32900 ◆ ★
華擎 W790 WS(EEB/8*DDR5/2*Marvell 10G+Intel 2.5Gb+無線)20+2相供電,$34990 ◆ ★ ↓任搭500↓
華碩 PRIME H610I-PLUS-CSM(DDR5)(Mini-ITX/Intel 1Gb/註四年)5+1+1相供電,$3590 ◆ ★
華碩 PRIME H610M-K-CSM(DDR5)(M-ATX/LAN 1Gb/註冊四年/2DIMM),$2990 ◆ ★
華碩 PRIME H610M-K-CSM(DDR5)(M-ATX/LAN 1Gb/註冊四年/2DIMM)-[裝機價],$2390 ◆ ★
華碩 PRIME H610M-E-CSM(DDR5)(M-ATX/LAN 1Gb/註冊四年/2DIMM),$3090 ◆ ★
華碩 PRIME H610M-F D4 R2.0-CSM(M-ATX/LAN 1Gb/註冊四年/2DIMM)5相供電,$2690 ◆ ★ ↓任搭100↓
華碩 PRIME H610M-F D4 R2.0-CSM(M-ATX/LAN 1Gb/註冊四年/2DIMM)5相-裝機價,$2090 ◆ ★ 熱賣 ↓任搭100↓
華碩 PRIME H610M-K D4-CSM(M-ATX/1A1H/LAN 1Gb/註冊四年/2DIMM)6+1+1相,$2890 ◆ ★ ↓任搭300↓
華碩 PRIME H610M-K D4-CSM(M-ATX/1A1H/R 1Gb/2DIMM)6+1+1相-[裝機價],$2290 ◆ ★ 熱賣
華碩 PRIME H610M-E D4-CSM(M-ATX/1H1P/LAN 1Gb/註冊四年/2DIMM)6+1+1相,$2990 ◆ ★
華碩 PRIME H610I-PLUS D4-CSM(Mini-ITX/1A1H1P/LAN 1Gb/2DIMM)5+1+1相,$3490 ◆ ★
技嘉 H610M K DDR4(M-ATX/1H/LAN 1Gb/註四年/2DIMM)5相供電,$2590 ◆ ★ ↓任搭300↓
技嘉 H610M K DDR4(M-ATX/1H/LAN 1Gb/註四年/2DIMM)5相供電-[裝機價],$1990 ◆ ★ 熱賣
技嘉 H610M H V2 DDR4(M-ATX/1A1H/LAN 1Gb/註四年/2DIMM)6+1+1 相電源,$2690 ◆ ★ ↓任搭190↓
技嘉 H610M S2H V2 DDR4(M-ATX/LAN 1Gb/註四年/2DIMM)6+1+1 相電源,$2790 ◆ ★
微星 PRO H610M-S DDR4(M-ATX/1H/LAN 1Gb/註四年/2DIMM) 5相-裝機價,$1890 ◆ ★ 熱賣
微星 PRO H610M-E DDR4(M-ATX/LAN 1Gb/註四年/2DIMM)6+1+1 相電源,$2290 ◆ ★
華擎 H610M-ITX/eDP(Mini-ITX/Intel 1Gb+WiFi ac+BT5.1/三年保)6相電源.支援eDP,$3190 ◆ ★
華擎 H610M-H2/M.2(M-ATX/LAN 1Gb/四年保)3+1+1 相電源,$1990 ◆ ★
華碩 B760M-AYW WIFI D4 阿唷喂(M-ATX/LAN 2.5Gb+無線/註冊四年/2DIMM)8相,$3590 ◆ ★
[任搭U]華碩 B760M-AYW WIFI D4 阿唷喂(M-ATX/LAN 2.5Gb+無線/2DIMM)8相,$3190 ◆ ★
華碩 PRIME B760M-F D4-CSM(M-ATX/LAN 1Gb/註四年/2DIMM)8相【搭機價】,$2590 ◆ ★ ↓任搭100↓
華碩 PRIME B760M-K D4-CSM(M-ATX/LAN 2.5Gb/註四年/2DIMM)8相,$2990 ◆ ★
[任搭U] 華碩 PRIME B760M-K D4-CSM(M-ATX/LAN 2.5Gb/註四年/2DIMM)8相,$2790 ◆ ★
華碩 PRIME B760M-A D4-CSM(M-ATX/LAN 2.5Gb/註冊四年)8相供電,$3190 ◆ ★
華碩 PRIME B760M-A WIFI D4-CSM(M-ATX/LAN 2.5Gb+無線/註冊四年)10相,$4090 ◆ ★
[任搭U] 華碩 PRIME B760M-A WIFI D4-CSM(M-ATX/LAN 2.5Gb+無線/註冊四年)10相,$3890 ◆ ★ 熱賣
華碩 TUF GAMING B760M-E D4(M-ATX/LAN2.5Gb/註五年)10+1相電源,$3990 ◆ ★
華碩 TUF GAMING B760M-PLUS WIFI D4(M-ATX/LAN 2.5Gb+無線/註五年)12+1相,$4990 ◆ ★
[任搭U] 華碩 TUF GAMING B760M-PLUS WIFI D4(M-ATX/LAN 2.5Gb+無線)12+1相,$4290 ◆ ★
華碩 TUF GAMING B760-PLUS WIFI D4(ATX/LAN 2.5Gb+無線/註五年)12+1相,$4990 ◆ ★
[任搭U] 華碩 TUF GAMING B760-PLUS WIFI D4(ATX/LAN 2.5Gb+無線)12+1相,$4390 ◆ ★ 熱賣
技嘉 B760M H DDR4(M-ATX/LAN 1Gb/註冊四年保/2DIMM)6+1+1相供電,$2990 ◆ ★ ↓任搭100↓
[任搭U] 技嘉 B760M H DDR4(M-ATX/LAN 1Gb/註冊四年保/2DIMM)6+1+1相供電,$2690 ◆ ★
技嘉 B760M GAMING DDR4(M-ATX/LAN 2.5Gb/註冊五年保/2DIMM)6+2+1相供電,$3690 ◆ ★
技嘉 B760M DS3H AX DDR4(M-ATX/LAN 2.5Gb+無線)6+2+1相,$3990 ◆ ★ ↓任搭100↓
[任搭U] 技嘉 B760M DS3H AX DDR4(M-ATX/LAN 2.5Gb+無線)6+2+1相,$3790 ◆ ★
微星 PRO B760M-E DDR4(M-ATX/LAN 1Gb/註冊四年/2DIMM)6+1+1相供電,$2690↘$2590 ◆ ★
微星 PRO B760M-B DDR4(M-ATX/LAN 2.5Gb/註冊四年/2DIMM)6+1相供電,$2790 ◆ ★
微星 PRO B760M-P DDR4(M-ATX/LAN 1Gb/註冊四年/4DIMM)8相供電,$2990 ◆ ★
微星 PRO B760M-A DDR4 II(M-ATX/LAN 2.5Gb/註冊四年)14相電源,$3590 ◆ ★ ↓任搭100↓
微星 PRO B760M-A WIFI DDR4(M-ATX/LAN 2.5Gb+無線/註冊四年)14相供電,$3890 ◆ ★
微星 B760M BOMBER DDR4(M-ATX/LAN 2.5Gb/註四年/2DIMM)8相供電,$2790 ◆ ★ ↓任搭100↓
微星 B760M BOMBER WIFI DDR4(M-ATX/LAN 2.5Gb+無線/註四年/2DIMM)6+1+1相,$3190 ◆ ★
微星 B760M GAMING PLUS WIFI DDR4(M-ATX/LAN 2.5Gb+無線/註五年)12+1+1相,$4890↘$4090 ◆ ★ ↓任搭100↓
微星 PRO B760-P DDR4 II(ATX/LAN 2.5Gb/註冊四年)12+1+1相供電,$3690 ◆ ★ 熱賣
微星 PRO B760-P WIFI DDR4(ATX/LAN 2.5Gb+Intel 無線/註冊四年)12+1+1相,$3990 ◆ ★
微星 B760 GAMING PLUS WIFI DDR4(ATX/LAN 2.5Gb+無線/註五年)12+1+1相,$4890↘$4290 ◆ ★ ↓任搭100↓
微星 B760 TOMAHAWK WIFI DDR4(ATX/LAN 2.5Gb+無線/註五年)12+1+1相,$4990 ★
華擎 B760M-ITX/D4 WiFi(Mini-ITX/LAN 1Gb+無線/註冊四年)5+1+1相,$4490 ◆ ★
華擎 B760M-HDV/M.2 D4(M-ATX/LAN 1Gb/註冊四年)5+1+1相,$2790 ◆ ★
華擎 B760M-HDV/M.2 D4(M-ATX/LAN 1Gb/註冊四年)5+1+1相【搭機價】,$2390 ◆ ★
華碩 B760M-AYW WIFI 阿唷喂(M-ATX/LAN 2.5Gb+無線/註四年/2DIMM)8相-獨家,$3590 ◆ ★ 熱賣
[任搭U]華碩 B760M-AYW WIFI 阿唷喂(M-ATX/LAN 2.5Gb+無線/2DIMM)8相,$3190 ◆ ★
華碩 PRIME B760M-F-CSM(M-ATX/LAN 1Gb/註四年/2DIMM)8相,$2990 ◆ ★
華碩 PRIME B760M-F-CSM(M-ATX/LAN 1Gb/註四年/2DIMM)8相-裝機價,$2590 ◆ ★ ↓任搭100↓
華碩 PRIME B760M-K-CSM(M-ATX/LAN 2.5Gb/註四年/2DIMM)8相,$2990 ◆ ★ ↓任搭100↓
[任搭U] 華碩 PRIME B760M-K-CSM(M-ATX/LAN 2.5Gb/註四年/2DIMM)8相,$2790 ◆ ★
華碩 PRIME B760M-A-CSM(M-ATX/LAN 2.5Gb/註冊四年)8相供電,$3290 ◆ ★
華碩 PRIME B760M-A WIFI-CSM(M-ATX/LAN 2.5Gb+無線/註四年)10相,$4490 ◆ ★
[任搭U] 華碩 PRIME B760M-A WIFI-CSM(M-ATX/LAN 2.5Gb+無線/註四年)10相,$3990 ◆ ★
華碩 TUF GAMING B760M-PLUS WIFI II(M-ATX/LAN 2.5Gb+無線/註五年)12+1相,$4990 ◆ ★
[任搭U] 華碩 TUF GAMING B760M-PLUS WIFI II(M-ATX/LAN 2.5Gb+無線/註五年)12+1相,$4790↘$4490 ◆ ★
華碩 TUF GAMING B760M-BTF WIFI 背插(M-ATX/R2.5Gb+無線/註五年)12+1相,$4990 ◆ ★ 熱賣
華碩 TUF GAMING B760-PLUS WIFI(ATX/LAN 2.5Gb+無線)12+1相,$4990 ◆ ★
[任搭U]華碩 TUF GAMING B760-PLUS WIFI(ATX/LAN 2.5Gb+無線)12+1相*優惠中,$4490 ◆ ★
華碩 ProArt B760-CREATOR WIFI(ATX/LAN 2.5Gb+Intel 1Gb+無線)12+1相,$7290 ◆ ★
華碩 ROG STRIX B760-I GAMING WIFI(Mini ITX/Intel 2.5Gb+無線/註五年)8+1相,$6590 ◆ ★
華碩 ROG STRIX B760-G GAMING WIFI(M-ATX/Intel 2.5Gb+無線/註五年)12+1相,$5290 ◆ ★
華碩 ROG STRIX B760-A GAMING WIFI(ATX/Intel 2.5Gb+無線/註五年)12+1相,$5990 ◆ ★
華碩 ROG STRIX B760-F GAMING WIFI(ATX/Intel 2.5Gb+無線/註冊五年)16+1相,$6490 ◆ ★ ↓任搭400↓
技嘉 B760M E(M-ATX/GbE LAN/註冊四年保/2DIMM)6+1+1相,$2990 ◆ ★
技嘉 B760M H(M-ATX/GbE LAN/註冊四年保/2DIMM)6+1+1相,$2990 ◆ ★ ↓任搭100↓
[任搭U] 技嘉 B760M H(M-ATX/GbE LAN/註冊四年保/2DIMM)6+1+1相,$2690 ◆ ★ 熱賣
技嘉 B760M GAMING WIFI PLUS(M-ATX/LAN 2.5Gb+無線/註五年/2DIMM)6+2+1相,$3790 ◆ ★ ↓任搭100↓
技嘉 B760M DS3H(M-ATX/LAN 2.5Gb/註冊四年保)6+2+1相,$3990 ◆ ★
技嘉 B760M DS3H AX(M-ATX/LAN 2.5Gb+無線/註冊四年保)6+2相,$4490 ◆ ★ ↓任搭100↓
技嘉 B760M AORUS ELITE AX(M-ATX/LAN 2.5Gb+無線/註冊五年保)12+1+1相,$5490 ◆ ★ ↓任搭100↓
技嘉 B760M GAMING X AX(M-ATX/LAN 2.5Gb+無線/註五年)8+1+1相供電*獨家款,$4990 ◆ ★ 熱賣 ↓任搭190↓
微星 B760I EDGE WIFI(Mini ITX/LAN 2.5Gb+無線/2DIMM)8+1+1相電源,$4490 ◆ ★
微星 PRO B760M-E(M-ATX/LAN 1Gb/註冊四年/2DIMM)6+1+1相供電,$2690↘$2590 ◆ ★ ↓任搭100↓
微星 PRO B760M-B(M-ATX/LAN 2.5Gb/註冊四年/2DIMM)6+1相供電,$2790 ◆ ★
微星 PRO B760M-P(M-ATX/LAN 1Gb/註冊四年/4DIMM))8相供電,$3190↘$3090 ◆ ★
微星 B760M BOMBER(M-ATX/LAN 2.5Gb/註四年/2DIMM)8相供電,$2790 ◆ ★
微星 B760M BOMBER WIFI(M-ATX/LAN 2.5Gb+無線/註四年/2DIMM)6+1+1相,$3090 ◆ ★
微星 B760M GAMING WIFI(M-ATX/LAN 2.5Gb+無線/註五年/2DIMM)6+1相,$3890↘$3690 ◆ ★
微星 B760M GAMING PLUS WIFI(M-ATX/LAN 2.5Gb+無線/註五年)12+1+1相,$4090 ◆ ★ ↓任搭100↓
微星 B760M MORTAR II(M-ATX/LAN 2.5Gb/註冊五年保)12+1+1相供電,$4500↘$4490 ◆ ★
微星 B760M MORTAR WIFI II(M-ATX/LAN 2.5Gb+無線/註五年)12+1+1相供電 *尾盤,$5300 ◆ ★
微星 B760M PROJECT ZERO 背插(M-ATX/LAN 2.5Gb+無線/註五年)12+1+1相,$4890 ◆ ★ 熱賣 ↓任搭100↓
微星 B760M EDGE TI WIFI(M-ATX/LAN 2.5Gb+無線/註五年)12+1+1相,$5990 ◆ ★ ↓任搭100↓
微星 B760 GAMING PLUS WIFI(ATX/LAN 2.5Gb+無線/註五年)12+1+1相,$4890↘$4290 ◆ ★ ↓任搭200↓
華擎 B760I Lightning WiFi(Mini ITX/R 2.5Gb+無線/2DIMM)14+1+1相 送攜帶式行動電源,$6990 ◆ ★
華擎 B760M-HDV/M.2(M-ATX/LAN 2.5Gb/註冊四年)7+1+1相,$2390 ◆ ★
華擎 B760M PG LIGHTNING(M-ATX/LAN 2.5Gb/註冊五年)7+1+1 相供電,$3890 ◆ ★
華擎 B760M Steel Legend WiFi(M-ATX/LAN 2.5Gb+無線)12+1+1相.支援eDP,$3490 ◆ ★
華擎 B760 Pro RS(ATX/LAN 2.5Gb/註冊四年)10+1+1相.支援eDP,$4490 ◆ ★
華碩 PRIME Z790-P D4-CSM(ATX/LAN2.5Gb/註冊四年)14+1相電源,$5490 ◆ ★ ↓任搭500↓
[任搭CPU] 華碩 PRIME Z790-P D4-CSM (專案！限與K版U同發票),$4290 ◆ ★ 熱賣
華碩 ROG STRIX Z790-A GAMING WIFI D4(ATX/Intel 2.5Gb+無線/註五年)16+1相,$6990 ◆ ★
"[任搭CPU] 華碩 ROG STRIX Z790-A GAMING WIFI D4(與K版U同發票,省1000)",$5990 ◆ ★
技嘉 Z790 S WIFI DDR4(ATX/LAN2.5Gb+無線/註四年)10相供電,$5990 ◆ ★
[任搭CPU] 技嘉 Z790 S WIFI DDR4(ATX/LAN2.5Gb+無線/註四年)10相供電,$4490 ◆ ★ 熱賣
微星 PRO Z790-P WIFI DDR4(ATX/Intel 2.5Gb+無線/註冊四年)14+1+1相電源,$4690 ◆ ★
NZXT N7 Z790(黑)(ATX/LAN2.5Gb+無線/五年換新)16+1+2相電源,$10900 ◆ ★
NZXT N7 Z790(白)(ATX/LAN2.5Gb+無線/五年換新)16+1+2相電源,$10900 ◆ ★
華碩 Z790-AYW WIFI W 阿唷喂(ATX/LAN2.5Gb+無線/銀白底板)獨家 12+1+1相,$6490 ◆ ★
[任搭U] 華碩 Z790-AYW WIFI W 阿唷喂(ATX/LAN2.5Gb+無線/銀白底板)獨家 12+1+1相,$5590 ◆ ★ 熱賣
華碩 Z790-AYW WIFI W II 阿唷喂(ATX/LAN2.5Gb+無線/銀白底板)獨家 12+1+1相,$6490 ◆ ★
[任搭U] 華碩 Z790-AYW WIFI W II(ATX/LAN2.5Gb+無線/銀白底板)獨家 12+1+1相,$5590 ◆ ★ 熱賣
華碩 PRIME Z790-P WIFI-CSM(ATX/LAN2.5Gb+無線/註冊四年)14+1相電源,$6490 ◆ ★
"[任搭CPU] 華碩 PRIME Z790-P WIFI-CSM DDR5(限與K版U同發票,省1500)",$5490 ★
華碩 TUF GAMING Z790-PLUS WIFI(ATX/Intel 2.5Gb+無線/註五年)16+1相,$7490 ◆ ★
[任搭U] 華碩 TUF GAMING Z790-PLUS WIFI(ATX/Intel 2.5Gb+無線/註五年)16+1相,$6490 ◆ ★
華碩 ProArt Z790-CREATOR WIFI(ATX/M10G+Intel 2.5Gb+無線)16+1相電源,$13990 ◆ ★ ↓任搭100↓
華碩 ROG STRIX Z790-A GAMING WIFI II(ATX/Intel 2.5Gb+Wi-Fi 7/註五年)16+1+2相,$11990 ◆ ★ ↓任搭100↓
華碩 ROG MAXIMUS Z790 HERO BTF 背插(ATX/Intel 2.5Gb+Wi-Fi 7/註五年)20+1+2相,$21790 ◆ ★
技嘉 Z790 EAGLE AX(ATX/LAN2.5Gb+無線/註冊四年)12+1+1相電源,$6990 ◆ ★ ↓任搭100↓
"[任搭CPU] 技嘉 Z790 EAGLE AX (限與K版CPU同發票,省1500)",$5490 ★
技嘉 Z790 AORUS MASTER X(E-ATX/Marvell10G+Wi-Fi7/註五年)20+1+2相電源 *尾盤,$18990 ◆ ★
微星 PRO Z790-P WIFI(ATX/Intel 2.5Gb+無線/註冊四年)14+1+1相電源,$5290 ★
微星 MPG Z790 CARBON WIFI II(ATX/Intel 2.5Gb+Wi-Fi 7/註五年)19+1+1相,$15890 ◆ ★ ↓任搭300↓
華擎 Z790I Lightning WiFi(Mini-ITX/R2.5Gb+無線/2DIMM)14+1+1相 *售完為止,$8390 ◆ ★
華擎 Z790 Steel Legend WiFi(ATX/LAN2.5Gb+無線/註五年)16+1+1相.支援eDP,$7190 ◆ ★
華擎 Z790 Riptide WIFI(ATX/Killer2.5G+Wi-Fi 7)16+1+1相.支援eDP *售完為止,$5790 ◆ ★
華擎 H810M-X(M-ATX/LAN2.5Gb/註四年/2DIMM)6+1+1+1+1 相供電,$3590 ◆ ★
華碩 ROG STRIX B860-I GAMING WIFI(Mini-ITX/Intel 2.5Gb+Wi-Fi 7/註五年)10+1+2+1相,$7590 ◆ ★ ↓任搭1000↓
華碩 B860M AYW GAMING WIFI(M-ATX/LAN2.5Gb+無線/註五年/2DIMM)6+1+1+1相,$3990 ◆ ★ ↓任搭100↓
[任搭U]華碩 B860M AYW GAMING WIFI(M-ATX/LAN2.5Gb+無線/2DIMM)6+1+1+1相,$3690 ◆ ★ 熱賣
華碩 PRIME B860M-K-CSM(M-ATX/LAN2.5Gb/註四年/2DIMM)6+1+1+1相,$3990 ◆ ★
[任搭U]華碩 PRIME B860M-K-CSM(M-ATX/LAN2.5Gb/註四年/2DIMM)6+1+1+1相,$2990 ◆ ★
華碩 PRIME B860M-A-CSM(M-ATX/LAN2.5Gb/註四年)7+1+1+1相,$3990 ◆ ★
[任搭U]華碩 PRIME B860M-A-CSM(M-ATX/LAN2.5Gb/註四年)7+1+1+1相,$3690 ◆ ★
華碩 PRIME B860M-A WIFI-CSM(M-ATX/LAN2.5Gb+無線/註四年)7+1+1+1相,$4490 ◆ ★ ↓任搭100↓
[任搭U]華碩 PRIME B860M-A WIFI-CSM(M-ATX/LAN2.5Gb+無線/註四年)7+1+1+1相,$3990 ◆ ★ 熱賣
華碩 TUF GAMING B860M-PLUS(M-ATX/LAN2.5Gb/註五年)12+1+2+1相,$5990 ◆ ★ ↓任搭1000↓
華碩 TUF GAMING B860M-PLUS WIFI(M-ATX/LAN2.5Gb+Wi-Fi 7/註五年)12+1+2+1相,$6490 ◆ ★ ↓任搭1000↓
華碩 PRIME B860-PLUS WIFI-CSM(ATX/LAN2.5Gb+無線/註四年)8+1+1+1相,$4990 ◆ ★ ↓任搭100↓
[任搭U] 華碩 PRIME B860-PLUS WIFI-CSM(ATX/LAN2.5Gb+無線/註四年)8+1+1+1相,$4290 ◆ ★
華碩 TUF GAMING B860-PLUS WIFI(ATX/LAN2.5Gb+Wi-Fi 7/註五年)12+1+2+1相,$6790 ◆ ★ ↓任搭1000↓
華碩 ROG STRIX B860-G GAMING WIFI(M-ATX/Intel 2.5Gb+Wi-Fi 7/註五年)14+1+2+1相,$7490 ◆ ★ ↓任搭1000↓
華碩 ROG STRIX B860-A GAMING WIFI(ATX/Intel 2.5Gb+Wi-Fi 7/註五年)14+1+2+1相,$7690 ◆ ★ ↓任搭1000↓
華碩 ROG STRIX B860-F GAMING WIFI(ATX/Intel 2.5Gb+Wi-Fi 7/註五年)16+1+2+1相,$8490 ◆ ★ ↓任搭1000↓
技嘉 B860M D2H(M-ATX/LAN2.5Gb/註四年/2DIMM)6+1+2相 *優惠到6/30,$2990 ◆ ★ 熱賣
技嘉 B860M DS3H WIFI6E(M-ATX/LAN2.5G+無線/註四年)5+1+2相,$5290 ◆ ★ ↓任搭100↓
技嘉 B860M GAMING X WIFI6E(M-ATX/LAN2.5G+無線/註四年)8+1+2相,$5990 ◆ ★ ↓任搭100↓
技嘉 B860M GAMING WIFI6(M-ATX/LAN2.5G+無線/註五年)8+1+2相 *優惠到6/30,$3990 ◆ ★ 熱賣
技嘉 B860M AORUS ELITE WIFI6E(M-ATX/LAN2.5G+無線/註五年)12+1+2相,$6490 ◆ ★ ↓任搭100↓
技嘉 B860M AORUS ELITE WIFI6E ICE(冰魄白)(M-ATX/LAN2.5G+無線)12+1+2相,$6490 ◆ ★ ↓任搭100↓
技嘉 B860 EAGLE WIFI6E(ATX/LAN2.5G+無線/註四年)12+1+2相,$5990 ◆ ★ ↓任搭100↓
[任搭U] 技嘉 B860 EAGLE WIFI6E(ATX/LAN2.5G+無線/註四年)12+1+2相,$5490 ◆ ★ 熱賣
技嘉 B860 GAMING X WIFI6E(ATX/LAN2.5G+無線/註五年)12+1+2相,$6490 ◆ ★ ↓任搭100↓
技嘉 B860 AORUS ELITE WIFI7 ICE(ATX/LAN2.5G+Wi-Fi 7/註五年)12+1+2相,$7490 ◆ ★ ↓任搭100↓
微星 PRO B860M-A WIFI(M-ATX/LAN5G+Wi-Fi 7/註五年)12+1+1+1相,$5090 ◆ ★ ↓任搭200↓
微星 B860M GAMING PLUS WIFI(M-ATX/Intel 5G+Wi-Fi 7/註五年)12+1+1+1相,$5690 ◆ ★ ↓任搭200↓
微星 MAG B860M MORTAR WIFI(M-ATX/Intel 5G+Wi-Fi 7/註五年)12+1+1+1相,$6890↘$6490 ◆ ★ ↓任搭200↓
微星 PRO B860-P(ATX/LAN 5G/註冊四年保)12+1+1+1相電源設計,$5490↘$4890 ◆ ★ ↓任搭200↓
微星 PRO B860-P WIFI(ATX/LAN 5G/註冊四年保)12+1+1+1相電源設計,$5390 ◆ ★ ↓任搭200↓
微星 B860 GAMING PLUS WIFI(ATX/Intel 5G+Wi-Fi 7/註五年)12+1+1+1相電源設計,$6390 ◆ ★ ↓任搭200↓
微星 MAG B860 TOMAHAWK WIFI(ATX/Intel 5G+Wi-Fi 7/註五年)12+1+1+1相,$6890 ◆ ★ ↓任搭200↓
華擎 B860I WiFi(Mini-ITX/LAN2.5G+無線/註五年)8+1+1相供電,$7490 ◆ ★ ↓任搭190↓
華擎 B860I Lightning WiFi(Mini-ITX/LAN2.5G+無線/註五年)10+1+1相供電,$8190 ◆ ★ ↓任搭190↓
華擎 B860M-H2(M-ATX/LAN 1G/註四年/2DIMM)5+1+1+1+1 相供電,$3990 ◆ ★
華擎 B860M-X WiFi(M-ATX/LAN2.5G+無線/註五年/2DIMM)7+1+1+1+1 相供電,$4990 ◆ ★ ↓任搭100↓
華擎 B860M Pro-A WiFi(M-ATX/LAN2.5G+無線/註四年)10+1+1+1+1 相供電,$5490 ◆ ★ ↓任搭100↓
華擎 B860M Pro RS WiFi(M-ATX/LAN2.5G+無線/註五年)10+1+1+1+1 相供電,$5990 ◆ ★ ↓任搭100↓
華擎 B860M Steel Legend WiFi(M-ATX/LAN2.5G+無線/註五年)12+1+1+1相,$7490 ◆ ★ ↓任搭190↓
華擎 B860 Pro-A WiFi(ATX/LAN2.5G+無線/註四年)10+1+1+1+1 相供電,$5990 ◆ ★
華擎 B860 Steel Legend WiFi(ATX/LAN2.5G+無線/註五年)14+1+1+1相,$8290 ◆ ★ ↓任搭190↓
NZXT N9 Z890(黑)(ATX/LAN 5Gb+Wi-Fi 7/五年換新)20+1+1相,$21990 ◆ ★
[任搭Core Ultra ] NZXT N9 Z890(黑)(ATX/LAN 5Gb+Wi-Fi 7/五年換新)20+1+1相,$18990 ◆ ★ 熱賣
NZXT N9 Z890(白)(ATX/LAN 5Gb+Wi-Fi 7/五年換新)20+1+1相,$21990 ◆ ★
[任搭Core Ultra ] NZXT N9 Z890(白)(ATX/LAN 5Gb+Wi-Fi 7/五年換新)20+1+1相,$18990 ◆ ★ 熱賣
華碩 ROG STRIX Z890-I GAMING WIFI(Mini-ITX/Intel 2.5Gb+Wi-Fi 7)10+1+1相,$13990 ◆ ★ ↓任搭2000↓
華碩 PRIME Z890M-PLUS WIFI-CSM(M-ATX/LAN2.5Gb+Wi-Fi 7/註四年)10+1+2+1相,$6790 ◆ ★ ↓任搭100↓
華碩 PRIME Z890-P WIFI-CSM(ATX/LAN2.5Gb+Wi-Fi 7/註冊四年)14+1+2相電源,$7990↘$7490 ◆ ★ ↓任搭100↓
[任搭U] 華碩 PRIME Z890-P WIFI-CSM(ATX/LAN2.5Gb+Wi-Fi 7/註冊四年)14+1+2相,$6490 ◆ ★ ↓任搭100↓
華碩 Z890 AYW GAMING WIFI W(ATX/LAN 2.5Gb+無線/註五年/白色)12+1+2相電源,$8990 ◆ ★ 熱賣 ↓任搭2000↓
華碩 TUF GAMING Z890-PRO WIFI(ATX/Intel 2.5Gb+Wi-Fi 7/註五年/銀白版)16+1+2相,$10990↘$9990 ◆ ★ ↓任搭100↓
[任搭U] 華碩 TUF GAMING Z890-PRO WIFI(ATX/Intel 2.5Gb+Wi-Fi 7/銀白版)16+1+2相,$9490 ◆ ★ ↓任搭100↓
華碩 ROG STRIX Z890-A GAMING WIFI(ATX/Intel 2.5Gb+Wi-Fi 7/銀白版)16+1+2相,$12990 ◆ ★ ↓任搭2000↓
華碩 ROG STRIX Z890-F GAMING WIFI(ATX/Intel 2.5Gb+Wi-Fi 7)16+1+2相,$14990 ◆ ★ ↓任搭2000↓
華碩 ROG STRIX Z890-E GAMING WIFI(ATX/LAN 5Gb+Wi-Fi 7)18+1+2相,$16990 ◆ ★ ↓任搭2000↓
華碩 PROART Z890-CREATOR WIFI(ATX/Marvell10G+Intel 2.5G+Wi-Fi 7)16+1+2相,$14990 ◆ ★ ↓任搭2000↓
華碩 ROG MAXIMUS Z890 APEX(ATX/LAN 5Gb+Wi-Fi 7/註五年/白色)22+1+2相,$19990 ◆ ★ ↓任搭2000↓
華碩 ROG MAXIMUS Z890 HERO(ATX/LAN 5Gb+Intel 2.5G+Wi-Fi 7)22+1+2+2相,$20990 ◆ ★ ↓任搭2000↓
華碩 ROG MAXIMUS Z890 HERO BTF(ATX/LAN 5Gb+Intel 2.5G+Wi-Fi 7)22+1+2+2相,$20990 ◆ ★ ↓任搭2000↓
華碩 ROG MAXIMUS Z890 EXTREME(E-ATX/Marvell10G+I 2.5G+Wi-Fi 7)24+2+2相,$34990 ◆ ★ ↓任搭2000↓
技嘉 Z890I AORUS ULTRA(Mini-ITX/LAN 2.5G+Wi-Fi 7+註冊五年)8+1+2相,$11990 ◆ ★
技嘉 Z890 EAGLE WIFI7(ATX/LAN2.5Gb+Wi-Fi 7/註冊四年)14+1+2相電源,$8290 ◆ ★ ↓任搭100↓
技嘉 Z890 GAMING X WIFI7(ATX/LAN2.5Gb+Wi-Fi 7/註冊五年)16+1+2相電源,$9290 ◆ ★ ↓任搭100↓
技嘉 Z890 AORUS ELITE WIFI7(ATX/LAN2.5Gb+Wi-Fi 7/註冊五年)16+1+2相電源,$9990 ◆ ★ ↓任搭100↓
技嘉 Z890 AORUS ELITE WIFI7 ICE 冰魄白(ATX/LAN2.5Gb+Wi-Fi 7)16+1+2相-獨家,$9990 ◆ ★ 熱賣 ↓任搭100↓
技嘉 Z890 AERO G(ATX/2*Intel 2.5Gb+Wi-Fi 7/註冊五年)16+1+2相電源,$12990 ◆ ★ ↓任搭200↓
技嘉 Z890 AORUS PRO ICE 冰魄白(ATX/LAN 5Gb+Wi-Fi 7/註五年)16+1+2相電源,$13990 ◆ ★ ↓任搭200↓
技嘉 Z890 AORUS MASTER(ATX/Marvell 10Gb+Wi-Fi 7/註五年)18+1+2相電源,$17990 ◆ ★ ↓任搭200↓
技嘉 Z890 AI TOP(E-ATX/2*Marvell 10Gb+Wi-Fi 7/註五年)16+1+2相,$20990 ◆ ★ ↓任搭290↓
技嘉 Z890 AORUS TACHYON ICE(E-ATX/LAN 5Gb+Wi-Fi 7/註五年)18+1+2相,$24990 ◆ ★ ↓任搭190↓
技嘉 Z890 AORUS XTREME AI TOP(E-ATX/2*Marvell 10Gb+Wi-Fi 7/註五年)22+1+2相,$34990 ◆ ★ ↓任搭490↓
微星 MPG Z890I EDGE TI WIFI(Mini-ITX/Killer 5Gb+Wi-Fi 7/註冊五年)10+1+1+1相電源,$11290↘$10990 ◆ ★ ↓任搭500↓
微星 PRO Z890-S WIFI(ATX/LAN 2.5Gb+Wi-Fi 7/註冊四年)12+1+1+1相電源,$7590↘$6990 ◆ ★ ↓任搭500↓
微星 PRO Z890-S WIFI WHITE(ATX/LAN 2.5Gb+Wi-Fi 7/雪白版)12+1+1+1相電源,$7590↘$6990 ◆ ★ ↓任搭500↓
微星 PRO Z890-P WIFI(ATX/LAN 5Gb+Wi-Fi 7/註冊四年)14+1+1+1相電源,$7990 ◆ ★ ↓任搭500↓
微星 PRO Z890-A WIFI(ATX/LAN 5Gb+Wi-Fi 7/註冊四年)16+1+1+1相電源,$9190↘$8490 ◆ ★ ↓任搭500↓
微星 Z890 GAMING PLUS WIFI(ATX/Killer 5Gb+Wi-Fi 7/註冊五年)14+1+1+1相電源,$9490↘$8990 ◆ ★ ↓任搭500↓
微星 MAG Z890 TOMAHAWK WIFI(ATX/Killer 5Gb+Wi-Fi 7/註冊五年)16+1+1+1相*獨家,$9990 ◆ ★ 熱賣 ↓任搭500↓
微星 MPG Z890 EDGE TI WIFI(ATX/Killer 5Gb+Wi-Fi 7/註冊五年)16+1+1+1相電源,$12490 ◆ ★ ↓任搭500↓
微星 MPG Z890 CARBON WIFI(ATX/Killer5Gb+Intel2.5Gb+Wi-Fi 7/註五年)20+1+1+1相,$14690 ◆ ★ ↓任搭500↓
微星 MEG Z890 UNIFY-X(ATX/Killer5Gb+Wi-Fi 7/註五年)20+2+1+1相,$18190↘$17690 ◆ ★ ↓任搭500↓
微星 MEG Z890 ACE(ATX/Marvell 10Gb+Wi-Fi 7/註五年)24+2+1+1相,$19490↘$18990 ◆ ★ ↓任搭500↓
微星 MEG Z890 GODLIKE(E-ATX/Marvell 10Gb+Killer 5Gb+Wi-Fi 7/註冊五年),$34900 ◆ ★ ↓任搭500↓
華擎 Z890I Nova WiFi(Mini-ITX/LAN 5Gb+Wi-Fi 7/註五年)12+1+1+1+1 相供電,$11990 ◆ ★ ↓任搭100↓
華擎 Z890M Riptide WiFi(M-ATX/Killer 2.5G+無線/註五年)16+1+1相 *任搭優惠7/10止,$9590 ◆ ★ ↓任搭600↓
華擎 Z890 Pro-A(ATX/LAN 2.5Gb/註冊五年保)16+1+1相電源,$7990 ◆ ★
華擎 Z890 Pro-A WiFi(ATX/LAN 2.5Gb+無線/註冊五年保)16+1+1相電源,$8690 ◆ ★
華擎 Z890 Pro RS WiFi(ATX/LAN 2.5Gb+無線/註冊五年保)16+1+1相電源,$9590 ◆ ★
華擎 Z890 Pro RS WiFi White(ATX/LAN 2.5Gb+無線/註五年/銀白版)16+1+1相電源,$9890 ◆ ★
華擎 Z890 Steel Legend WiFi(ATX/LAN2.5Gb+Wi-Fi 7/註五年)18+1+1相電源,$10290 ◆ ★ ↓任搭190↓
華擎 Z890 Riptide WiFi(ATX/Killer 2.5G+Wi-Fi 7/註冊五年保)18+1+1相*任搭優惠7/10止,$9790 ◆ ★ ↓任搭600↓
華擎 Z890 Nova WiFi(ATX/LAN 5Gb+Killer 2.5Gb+Wi-Fi 7)20+1+2相*任搭優惠7/10止,$14590 ◆ ★ ↓任搭1600↓
華擎 Z890 Taichi Lite(ATX/LAN 5Gb+Dragon 2.5Gb+Wi-Fi 7)20+1+2相*任搭優惠7/10止,$16990 ◆ ★ ↓任搭1600↓
華擎 Z890 Taichi(ATX/LAN 5Gb+Dragon 2.5Gb+Wi-Fi 7)20+1+2相*任搭優惠7/10止,$17990 ◆ ★ ↓任搭1600↓
華碩 H81M-K(M-ATX/1A1D/U3/註四年),$1990 ◆ ★
技嘉 H81M-DS2(M-ATX/1A/U3/LPT+COM埠/三年保),$1990 ◆ ★
技嘉 H81M-S2PH(M-ATX/1A1H/U3/LPT+COM埠/全固態/三年保),$2090 ◆ ★
華碩 H110M-K【單片盒裝】(M-ATX/1A1D/U3/LAN 1Gb/全固/註四年),$2490 ◆ ★
華碩 PRIME H310M-K(M-ATX/1A1D/LAN 1Gb/註四年),$2490 ◆ ★
技嘉 H110M-S2PH(M-ATX/1A1H/LAN 1Gb/全固/LPT+COM埠/註四年),$2490 ◆ ★
華碩 PRIME H510M-K(M-ATX/1A1H/Intel 1Gb/註四年),$2790 ★ ↓任搭200↓
微星 PRO H510M-B II(M-ATX/1A1H/LAN 1Gb/註四年)4+1+1相供電 *只支援10代CPU,$1990 ◆ ★
華擎 B450M-HDV R4.0(M-ATX/1A1D1H/DIMM*2/註四年)4+2相供電,$1790 ◆ ★
華碩 PRIME A520M-K/CSM(M-ATX/1A1H/LAN 1Gb/註四年),$1990 ◆ ★ 熱賣 ↓任搭100↓
技嘉 A520M K V2(M-ATX/1A1H/LAN 1Gb/註四年)8相數位供電,$1990 ◆ ★
微星 A520M-A PRO(M-ATX/1D1H/LAN 1Gb/註四年/2DIMM),$1990↘$1890 ◆ ★ ↓任搭100↓
華擎 A520M-ITX/ac(mini-ITX/1H1P/LAN 1Gb/ac+BT/註四年)8數位電源,$3390 ◆ ★
華碩 PRIME B550M-K ARGB-CSM(M-ATX/LAN 1Gb/2DIMM)4+2相供電,$2590 ◆ ★ 熱賣
華碩 PRIME B550M-K/CSM(M-ATX/LAN 1Gb/註四年/4DIMM)4+2相供電,$2790 ◆ ★
華碩 PRIME B550M-A AC(M-ATX/LAN 1Gb+無線/註四年)8相供電,$3190 ◆ ★
技嘉 B550M K(M-ATX/1H1P/LAN 1Gb/註四年/4dimm)4+2相供電,$2490 ◆ ★ 熱賣
技嘉 B550M DS3H AC(M-ATX/LAN 1GbE+無線/註四年) 6+2相 (rev. 1.7),$3090 ◆ ★
技嘉 B550M AORUS ELITE(M-ATX/1D1H/LAN 1Gb/註五年) 獨家5+3相,$3190 ◆ ★ ↓任搭200↓
微星 B550M-A PRO(M-ATX/1D1H/LAN 1Gb/註四年)4+2相供電,$2390 ★
微星 B550M PRO-VDH(M-ATX/1A1H1P/Realtek LAN/註四年)4+2+1相供電,$2790 ★
微星 B550M PRO-VDH WIFI(M-ATX/1A1H1P/Realtek LAN+ac/註四年)4+2+1相供電,$3190 ◆ ★
華擎 B550M-ITX/ac(ITX/1H1P/LAN 1Gb/ac+BT/註四年) 8相供電,$3990 ◆ ★ ↓任搭100↓
華碩 PRIME A620M-K-CSM(M-ATX/LAN 1Gb/註四年)8+2相 *優惠活動到,$2690 ◆ ★
華擎 A620I Lightning WIFI(mini-ITX/LAN 2.5G+無線/2DIMM)8+2+1 相供電,$4790 ★ ↓任搭100↓
NZXT N7 B650E(白)(ATX/LAN2.5Gb+無線/五年換新保固)16+1+2相電源,$11500 ★
華碩 ROG STRIX B650E-I GAMING WIFI(Mini-ITX/Intel2.5G+無線)10+2+1相,$8990 ◆ ★
華碩 PRIME B650M-F-CSM(M-ATX/LAN 1G/註四年/2DIMM)9相,$2990 ◆ ★
[任搭U]華碩 PRIME B650M-F-CSM(M-ATX/LAN 1G/註四年/2DIMM)9相,$2590 ◆ ★
華碩 PRIME B650M-K-CSM(M-ATX/LAN 2.5G/註四年/2DIMM)8+2相電源 C/P首選,$3090 ◆ ★
華碩 B650M-AYW WIFI(M-ATX/LAN 2.5G+無線/註五年/2DIMM)11相,$3990 ◆ ★ ↓任搭200↓
[任搭U]華碩 B650M-AYW WIFI(M-ATX/LAN 2.5G+無線/註五年/2DIMM)11相,$3690↘$3590 ◆ ★
華碩 TUF GAMING B650M-E(M-ATX/LAN 2.5G/註五年)8+2+1相電源,$3690 ◆ ★
華碩 TUF GAMING B650M-E WIFI(M-ATX/LAN 2.5G+無線)8+2+1相電源,$4090 ◆ ★ ↓任搭100↓
華碩 TUF GAMING B650M-PLUS(M-ATX/LAN 2.5G/註五年)12+2+2相電源 獨家支援,$4190 ◆ ★ 熱賣
華碩 TUF GAMING B650M-PLUS WIFI(M-ATX/LAN 2.5G+無線/註五年)12+2+2相,$4990 ◆ ★
[任搭U] 華碩 TUF GAMING B650M-PLUS WIFI(M-ATX/LAN 2.5G+無線)12+2+2相,$4490 ◆ ★
華碩 TUF GAMING B650-E WIFI(ATX/LAN 2.5G+無線/註五年)8+2+2相電源,$4990 ◆ ★
[任搭U] 華碩 TUF GAMING B650-E WIFI(ATX/LAN 2.5G+無線/註五年)8+2+2相電源,$4490 ◆ ★
華碩 TUF GAMING B650-PLUS WIFI(ATX/LAN 2.5G+無線)12+2相電源,$5790 ◆ ★
[任搭U] 華碩 TUF GAMING B650-PLUS WIFI(ATX/LAN 2.5G+無線)12+2相電源,$5290↘$4990 ◆ ★
華碩 ROG STRIX B650-A GAMING WIFI(ATX/Intel2.5G+無線)12+2+1相,$5990 ◆ ★
技嘉 B650M H(M-ATX/LAN 1Gb/註冊四年/2DIMM)5+2+2相電源,$2990 ◆ ★
[任搭U] 技嘉 B650M H(M-ATX/LAN 1Gb/註冊四年/2DIMM)5+2+2相電源,$2590 ◆ ★
技嘉 B650M GAMING WIFI(M-ATX/LAN 2.5G/註五年/2DIMM)5+2+2相,$3490 ◆ ★ ↓任搭100↓
技嘉 B650M GAMING X AX(M-ATX/LAN 2.5G+AMD 無線/4DIMM)6+2+1相電源,$3990 ◆ ★ 熱賣
技嘉 B650M AORUS ELITE(M-ATX/LAN 2.5G/註五年)12+2+1相電源.獨家支援-尾盤,$4490 ◆ ★
技嘉 B650M AORUS ELITE AX ICE(M-ATX冰魄白/LAN 2.5G+無線/五年)12+2+2相,$5490 ◆ ★ ↓任搭100↓
技嘉 B650 EAGLE AX(ATX/LAN 1Gb+無線/註冊四年)12+2+2相電源,$4490 ◆ ★
技嘉 B650 AORUS ELITE AX V2(ATX/LAN 2.5G+無線/註五年)12+2+2相電源,$5490 ◆ ★ ↓任搭100↓
技嘉 B650E AORUS ELITE X AX ICE 冰魄白(ATX/LAN 2.5G+無線)12+2+2相,$7790 ◆ ★
技嘉 B650E AORUS STEALTH ICE(伏冰)背插(ATX/LAN 2.5G+Wi-Fi 7)12+2+2相,$7790 ◆ ★ 熱賣
微星 MPG B650I EDGE WIFI(Mini-ITX/LAN 2.5G+無線/註五年)8+2+1相電源,$6790↘$4990 ◆ ★
微星 PRO B650M-P(M-ATX/LAN 2.5G/註四年)6+2+1相電源,$3490↘$3090 ◆ ★
微星 PRO B650M-B(M-ATX/LAN 2.5G/註四年)6+2+1相電源 任搭優惠實施中,$3190↘$2590 ◆ ★
微星 B650M GAMING WIFI(M-ATX/R2.5G+無線/2DIMM)6+2+1相,$3690 ◆ ★
微星 B650M GAMING PLUS WIFI(M-ATX/LAN 2.5G+無線/註五年)10+2+1相電源,$4390↘$4290 ◆ ★
微星 PRO B650M-A WIFI(M-ATX/LAN 2.5G+無線/註四年)8+1+1相電源,$3990 ◆ ★
微星 MAG B650M MORTAR WIFI(M-ATX/LAN2.5G+無線/註五年)12+2+1相 獨家,$4790 ◆ ★
微星 B650M PROJECT ZERO 背插(M-ATX/LAN2.5G+無線/註五年)10+2+1相,$4990 ◆ ★
微星 PRO B650-S WIFI(ATX/LAN2.5G+AMD 無線/註五年)12+2+1相,$3990 ◆ ★
微星 B650 GAMING PLUS WIFI(ATX/LAN2.5G+AMD 無線/註五年)12+2+1相電源,$4490 ◆ ★
微星 MAG B650 TOMAHAWK WIFI(ATX/LAN2.5G+AMD 無線/註五年)14+2+1相電源,$6790↘$5990 ◆ ★
微星 MPG B650 EDGE WIFI(ATX/LAN2.5G+AMD 無線/註五年)14+2+1相,$6790 ◆ ★
華擎 B650M-H/M.2+ WiFi(M-ATX/LAN 1G+無線/註四年/2DIMM)6+1+1相,$3490 ◆ ★
華擎 B650M Pro RS(M-ATX/LAN 2.5G/註冊四年保)8+2+1 相供電,$3990 ◆ ★
華擎 B650M PG Riptide WiFi White(M-ATX/Dragon 2.5G+無線/註五年)12+2+1相電源,$5490 ◆ ★
[任搭U] 華擎 B650M PG Riptide WiFi White(M-ATX/Dragon 2.5G+無線/註五年)12+2+1相,$4990 ◆ ★
微星 X670E GAMING PLUS WIFI(ATX/LAN2.5G+無線/註五年)14+2+1相,$6590 ◆ ★
華碩 PRIME B840M-A-CSM(M-ATX/LAN2.5G/註冊四年保)8+2+1相供電,$3490 ◆ ★ ↓任搭100↓
華碩 PRIME B840M-A WIFI-CSM(M-ATX/LAN2.5G+無線/註四年)8+2+1相供電,$3990 ◆ ★ 熱賣 ↓任搭100↓
華碩 PRIME B840-PLUS WIFI-CSM(ATX/LAN2.5G+無線/註四年)8+2+1相供電,$4290 ◆ ★ ↓任搭100↓
微星 PRO B840-P WIFI(ATX/LAN2.5G+Wi-Fi 7/註冊四年保)7+2+1相供電,$4590 ◆ ★ ↓任搭100↓
微星 B840 GAMING PLUS WIFI(ATX/LAN2.5G+Wi-Fi 7/註五年)7+2+1相供電,$4990 ◆ ★ ↓任搭100↓
華碩 ROG STRIX B850-I GAMING WIFI(Mini-ITX/Intel 2.5G+Wi-Fi 7/註五年)10+2+1相,$9290 ◆ ★ ↓任搭500↓
華碩 B850M AYW GAMING WIFI(M-ATX/LAN2.5G+無線/註五年)8+2+1相,$4990 ◆ ★
華碩 TUF GAMING B850M-E WIFI(M-ATX/LAN2.5G+無線/註五年)8+2+1相,$5490 ◆
華碩 TUF GAMING B850M-PLUS(M-ATX/LAN2.5G/註冊五年保)14+2+1相,$5490 ◆ ★ ↓任搭100↓
華碩 TUF GAMING B850M-PLUS WIFI(M-ATX/LAN2.5G+無線/註五年)14+2+1相,$5990 ◆ ★ ↓任搭100↓
華碩 B850 MAX GAMING WIFI W(ATX/LAN2.5G+無線/註五年/銀白)8+2+1相,$5490 ◆ ★ 熱賣 ↓任搭100↓
華碩 TUF GAMING B850-E WIFI(ATX/LAN2.5G+無線/註五年)8+2+1相,$5990 ◆ ★
華碩 TUF GAMING B850-PLUS WIFI(ATX/LAN2.5G+Wi-Fi 7/註五年)14+2+1相,$6490 ★ ↓任搭100↓
華碩 TUF GAMING B850-BTF WIFI W背插(ATX/LAN2.5G+Wi-Fi 7/註五年/白)14+2+1相,$7990 ◆ ★ 熱賣
華碩 ROG STRIX B850-G GAMING WIFI(白)(M-ATX/Intel 2.5G+Wi-Fi 7)14+2+1相,$7490 ◆
華碩 ROG STRIX B850-A GAMING WIFI(白)(ATX/Intel 2.5G+Wi-Fi 7/註五年)14+2+1相,$7990 ◆ ★ ↓任搭500↓
華碩 ROG STRIX B850-F GAMING WIFI(ATX/Intel 2.5G+Wi-Fi 7/註五年)16+2+1相,$8990 ◆ ★ ↓任搭500↓
技嘉 B850M DS3H(M-ATX/LAN2.5G/註四年)8+2+2相,$4990 ◆ ★ ↓任搭100↓
技嘉 B850M DS3H ICE(M-ATX/LAN2.5G/註四年/雪白)8+2+2相,$4990 ◆ ★ ↓任搭100↓
技嘉 B850M GAMING X WIFI6E(M-ATX/LAN2.5G+無線/註五年)10+2+2相,$5990 ◆ ★ ↓任搭100↓
技嘉 B850M AORUS ELITE WIFI6E ICE(白)(M-ATX/LAN2.5G+無線/註五年)12+2+2相,$6490 ◆ ★ ↓任搭200↓
技嘉 B850 EAGLE WIFI6E(ATX/LAN 1Gbps+無線/註四年)8+2+2相,$5990 ◆ ★ ↓任搭100↓
技嘉 B850 GAMING X WIFI6E(ATX/LAN2.5G+無線/註五年)12+2+2相,$6990 ◆ ★
技嘉 B850 AORUS ELITE WIFI7(ATX/LAN2.5G+Wi-Fi 7/註五年)14+2+2相,$7990 ◆ ★ ↓任搭100↓
技嘉 B850 AORUS ELITE WIFI7 ICE(冰魄白)(ATX/LAN2.5G+Wi-Fi 7/註五年)14+2+2相,$7990 ◆ ★ ↓任搭100↓
技嘉 B850 AI TOP(ATX/2*Marvell 10GbE+Wi-Fi 7/註五年)16+2+2相,$12990 ◆ ★ ↓任搭200↓
微星 MAG B850M MORTAR(M-ATX/LAN 5G/註冊五年保)12+2+1相,$6290 ◆ ★
微星 MAG B850M MORTAR WIFI(M-ATX/LAN 5G+Wi-Fi 7/註五年)12+2+1相,$6790 ◆ ★
微星 PRO B850-P WIFI(ATX/LAN5G+Wi-Fi 7/註四年)12+2+1相,$5790 ◆ ★ ↓任搭200↓
微星 B850 GAMING PLUS WIFI(ATX/LAN5G+Wi-Fi 7/註五年)12+2+1相,$6290 ◆ ★ ↓任搭200↓
微星 MAG B850 TOMAHAWK MAX WIFI(ATX/LAN5G+Wi-Fi 7/註五年)14+2+1相,$7990↘$7890 ◆ ★ ↓任搭200↓
微星 MPG B850 EDGE TI WIFI(ATX/LAN5G+Wi-Fi 7/註五年/雪白版)14+2+1相,$8490 ◆ ★
華擎 B850I LIGHTNING WIFI(Mini-ITX/Killer2.5G+無線/註五年)10+1+1相,$7890 ◆ ★ ↓任搭190↓
華擎 B850M-X(M-ATX/LAN2.5G/註五年/2DIMM)6+1+1相,$3990 ◆ ★ ↓任搭100↓
華擎 B850M-X WIFI(M-ATX/LAN2.5G+無線/註五年/2DIMM)6+1+1相,$4490 ◆ ★ ↓任搭100↓
華擎 B850M Pro-A(M-ATX/LAN2.5G/註四年)8+2+1 相供電,$4890 ◆ ★ ↓任搭100↓
華擎 B850M Pro-A WiFi(M-ATX/LAN2.5G+無線/註四年)8+2+1 相供電,$5390 ◆ ★ ↓任搭100↓
[搭U價] 華擎 B850M Pro-A WiFi(M-ATX/LAN2.5G+無線/註四年)8+2+1 相供電,$4990 ◆ ★
華擎 B850M Pro RS(M-ATX/LAN2.5G/註五年)8+2+1 相供電,$5590 ◆ ★ ↓任搭100↓
[搭U價] 華擎 B850M Pro RS(M-ATX/LAN2.5G/註五年)8+2+1 相供電,$5190 ◆ ★
華擎 B850M Pro RS WIFI(M-ATX/LAN2.5G+無線/註五年)8+2+1 相供電,$5990 ◆ ★ ↓任搭100↓
華擎 B850M Steel Legend WiFi(M-ATX/LAN2.5G+Wi-Fi 7/註五年)12+2+1 相供電,$6490 ◆ ★ ↓任搭200↓
[搭U價] 華擎 B850M Steel Legend WiFi(M-ATX/LAN2.5G+Wi-Fi 7/註五年)12+2+1相,$5990 ◆ ★
華擎 B850M Riptide WiFi(M-ATX/LAN2.5G+Wi-Fi 7/註五年)2+2+1 相供電,$6990 ◆ ★
華擎 B850 PRO-A(ATX/LAN2.5G/註五年)14+2+1相,$5990 ◆ ★ ↓任搭100↓
華擎 B850 Pro RS(ATX/LAN2.5G/註五年)14+2+1相,$6490 ◆ ★
NZXT N9 X870E(黑)(ATX/LAN 5Gb+Wi-Fi 7/五年換新)20+2+1相,$21990 ◆ ★ ↓任搭100↓
NZXT N9 X870E(白)(ATX/LAN 5Gb+Wi-Fi 7/五年換新)20+2+1相,$21990 ◆ ★ ↓任搭100↓
華碩 ROG STRIX X870-I GAMING WIFI(Mini-ITX/Intel 2.5G+Wi-Fi 7/註五年)10+2+1相,$13990 ★ ↓任搭500↓
華碩 PRIME X870-P-CSM(ATX/LAN2.5G/註四年)14+2+1相-獨家 價格一次到位!!,$6690 ◆ ★ 熱賣 ↓任搭500↓
華碩 PRIME X870-P WIFI-CSM(ATX/LAN2.5G+Wi-Fi 7/註四年)14+2+1相,$7590 ◆ ★ ↓任搭500↓
華碩 X870 AYW GAMING WIFI W(ATX/LAN2.5G+無線/註五年/銀白)12+2+1相,$7990 ◆ ★ 熱賣 ↓任搭500↓
華碩 X870 MAX GAMING WIFI7 W(ATX/LAN2.5G+Wi-Fi 7/註五年/銀白)12+2+1相,$8490 ◆ ★ ↓任搭500↓
華碩 TUF GAMING X870-PLUS WIFI(ATX/LAN2.5G+Wi-Fi 7/註五年)16+2+1相,$9990 ◆ ★ ↓任搭500↓
華碩 PROART X870E-CREATOR WIFI(ATX/Marvell 10G+Intel 2.5G+Wi-Fi 7)16+2+2相,$14990 ◆ ★ ↓任搭500↓
華碩 ROG STRIX X870-A GAMING WIFI(ATX/Intel 2.5G+Wi-Fi 7/註五年/白色)16+2+2相,$12990 ◆ ★ ↓任搭500↓
華碩 ROG STRIX X870E-E GAMING WIFI(ATX/LAN 5G+Wi-Fi 7/註五年)18+2+2相,$16990 ◆ ★ ↓任搭500↓
華碩 ROG CROSSHAIR X870E HERO(ATX/LAN 5G+Intel 2.5G+Wi-Fi 7)18+2+2相,$20990 ◆ ★ ↓任搭500↓
華碩 ROG CROSSHAIR X870E APEX(ATX/LAN 5G+Wi-Fi 7/註五年/2DIMM)18+2+2相,$23990 ◆ ★ ↓任搭500↓
華碩 ROG CROSSHAIR X870E EXTREME(E-ATX/LAN 5G+Marvell10G+Wi-Fi 7)20+2+2相,$36990 ◆ ★ ↓任搭500↓
技嘉 X870I AORUS PRO ICE(Mini-ITX/LAN 2.5G+Wi-Fi 7/註五年)8+2+1相,$10990 ◆ ★ ↓任搭190↓
技嘉 X870 EAGLE WIFI7(ATX/LAN2.5G+Wi-Fi 7/註四年)14+2+2相,$7390 ◆ ★ ↓任搭100↓
[搭U價] 技嘉 X870 EAGLE WIFI7(ATX/LAN2.5G+Wi-Fi 7/註四年)14+2+2相,$7090 ◆ ★ 熱賣
技嘉 X870 GAMING X WIFI7(ATX/LAN2.5G+Wi-Fi 7/註五年)16+2+2相,$9490 ◆ ★ ↓任搭100↓
技嘉 X870 AORUS ELITE WIFI7(ATX/LAN2.5G+Wi-Fi 7/註五年)16+2+2相,$10490 ◆ ★ ↓任搭100↓
技嘉 X870 AORUS ELITE WIFI7 ICE(ATX/LAN2.5G+Wi-Fi 7/獨家-冰魄白)16+2+2相,$10490 ◆ ★ ↓任搭100↓
技嘉 X870E AORUS PRO(ATX/LAN2.5G+Wi-Fi 7/註五年)16+2+2相,$11990 ◆ ★ ↓任搭190↓
技嘉 X870E AORUS PRO ICE(冰魄白)(ATX/LAN2.5G+Wi-Fi 7/註五年)16+2+2相,$12990 ◆ ★ ↓任搭190↓
技嘉 X870E AORUS MASTER(ATX/LAN5G+Wi-Fi 7/註五年)16+2+2相,$20490 ◆ ★ ↓任搭390↓
技嘉 X870E AORUS XTREME AI TOP(E-ATX/2*Marvell 10Gb+Wi-Fi 7/註五年)18+2+2相,$24990 ◆ ★ ↓任搭390↓
微星 PRO X870-P WIFI(ATX/LAN 5G+Wi-Fi 7/註四年)14+2+1相,$8490 ◆ ★ ↓任搭500↓
微星 X870 GAMING PLUS WIFI(ATX/LAN 5G+Wi-Fi 7/註五年)14+2+1相,$8690 ◆ ★ ↓任搭500↓
微星 MAG X870 TOMAHAWK WIFI(ATX/LAN 5G+Wi-Fi 7/註五年)14+2+1相,$10890↘$9890 ◆ ★ ↓任搭500↓
微星 MAG X870E TOMAHAWK WIFI(ATX/LAN 5G+Wi-Fi 7/註五年)14+2+1相,$11890↘$11490 ◆ ★ ↓任搭500↓
微星 MPG X870E EDGE TI WIFI(ATX/銀白/LAN 5G+Wi-Fi 7/註五年)14+2+1相,$12990 ◆ ★ ↓任搭500↓
微星 MPG X870E CARBON WIFI(ATX/LAN 5G+2.5G+Wi-Fi 7/註五年)18+2+1相,$14990 ◆ ★ ↓任搭500↓
微星 MEG X870E GODLIKE(E-ATX/Marvell 10G+LAN 5G+Wi-Fi 7)24+2+1相,$31990 ◆ ★ ↓任搭500↓
華擎 X870 Pro RS(ATX/Dragon 2.5G/註五年)14+2+1相電源 *優惠到 6/30,$6990 ◆ ★
[搭U價] 華擎 X870 Pro RS(ATX/Dragon 2.5G/註五年)14+2+1相電源*優惠到 6/30,$6490 ◆ ★
華擎 X870 Pro RS WiFi(ATX/Dragon 2.5G+Wi-Fi 7/註五年)14+2+1相電源*優惠到 6/30,$7990 ◆ ★
[搭U價] 華擎 X870 Pro RS WiFi(ATX/Dragon 2.5G+Wi-Fi 7/註五年)14+2+1相*優惠到 6/30,$7490 ◆ ★
華擎 X870 Steel Legend WiFi(ATX/Dragon 2.5G+Wi-Fi 7/註五年)14+2+1相*優惠到 6/30,$8990 ◆ ★
[搭U價] 華擎 X870 Steel Legend WiFi(ATX/Dragon 2.5G+Wi-Fi 7)14+2+1相*優惠到 6/30,$8490 ◆ ★
華擎 X870E Nova WiFi(ATX/LAN 5G+Wi-Fi 7/註五年)20+2+1相 *任搭優惠7/10止,$12990 ◆ ★ ↓任搭1600↓
華擎 X870E Taichi(EATX/LAN 5G+Wi-Fi 7/註五年)24+2+1相 *任搭優惠7/10止,$17990 ◆ ★ ↓任搭1600↓
華碩 Pro WS WRX80E-SAGE SE WIFI II(EEB/2*Intel 10G/無線/註四年/8DIMM),$37990 ◆ ★
華碩 PRO WS WRX90E-SAGE SE(EEB/2*Intel 10G+LAN 1G/註四年/8DIMM),$39990 ◆ ★ ↓任搭500↓
華擎 WRX90 WS EVO(EEB/2*Intel 10G/註五年/8DIMM)18+3+3 電源相位,$38990 ◆ ★ ↓任搭500↓
華碩 Pro WS TRX50-SAGE WIFI(CEB/Marvell 10Gb+Intel 2.5Gb+Wi-Fi 7/註四年)36相,$29990 ◆ ★ ↓任搭290↓
技嘉 TRX50 AERO D(CEB/Marvell 10Gb+LAN 2.5Gb+Wi-Fi 7/註五年)16+8+4相,$24990 ◆ ★ ↓任搭290↓
華擎 TRX50 WS(E-ATX/Marvell 10Gb+LAN 2.5Gb+無線/註五年)18+3+3 電源相位,$24990 ◆ ★ ↓任搭300↓
UMAX 單條8GB DDR5-4800/CL40 支援 XMP,$619 ◆ ★
UMAX 單條16GB DDR5-4800/CL40 支援 XMP,$1139↘$1039 ◆ ★
UMAX 單條32GB DDR5-4800/CL40 支援 XMP,$2199↘$2099 ◆ ★
UMAX 單條8GB DDR5-5600/CL46【雙參數】,$629 ◆ ★
UMAX 單條16GB DDR5-5600/CL46【雙參數】,$1099 ◆ ★ 熱賣
UMAX 單條16GB DDR5-6000/CL30【雙參數】,$1439 ◆ ★
UMAX 單條32GB DDR5-5600/CL46【雙參數】,$2100 ◆ ★ 熱賣
UMAX 單條32GB DDR5-6000/CL30【雙參數】,$2799 ◆ ★
威剛 單條8GB DDR5-4800/CL40 (AD5U48008G-S) 支援 XMP,$729 ◆ ★ 熱賣
威剛 單條8GB DDR5-5600/CL46 (AD5U56008G-S)【雙參數】,$829 ◆ ★
威剛 單條16GB DDR5-4800/CL40 (AD5U480016G-S) 支援 XMP,$1199↘$1100 ◆ ★ 熱賣
威剛 單條16GB DDR5-5600/CL46 (AD5U560016G-S)【雙參數】,$1299↘$1200 ◆ ★
威剛 單條 16GB DDR5 5600 XPG Lancer Blade(矮版散熱片)/CL46黑【雙參數】,$1299↘$1200 ◆ ★ 熱賣
威剛 單條 16GB DDR5 6000 XPG Lancer Blade(矮版散熱片)/CL48黑【雙參數】,$1349 ◆ ★ 熱賣
威剛 單條32GB DDR5-4800/CL40 (AD5U480032G-S) 支援 XMP,$2299↘$2200 ◆ ★ 熱賣
威剛 單條32GB DDR5-5600/CL46 (AD5U560032G-S)【雙參數】,$2499↘$2400 ◆ ★ 熱賣
金士頓 單條16GB DDR5-4800/CL40 【雙參數】少量,$1370 ◆ ★ 熱賣
金士頓 單條16GB DDR5-5600/CL46 【雙參數】,$1280↘$1250 ◆ ★ 熱賣
金士頓 單條32GB DDR5-5600/CL46 【雙參數】,$2480↘$2400 ◆ ★ 熱賣
金士頓 單條16GB DDR5-5600(CL36) FURY Beast (獸獵者)【雙參數】,$1350 ◆ ★
金士頓 單條16GB DDR5-6000(CL30) FURY Beast Black (獸獵者)【雙參數】,$1700 ◆ ★ 熱賣
KLEVV(科賦) 單條16GB DDR5-5600/CL46 【雙參數】,$1200 ◆ ★ 熱賣
十銓ELITE 單條16GB DDR5 5600/CL46(TED516G5600C4601) 【雙參數】,$1188 ◆ ★
美光 Micron Crucial 單條16GB DDR5 5600/CL46 (原生顆粒)【雙參數】,$1199 ◆ ★
美光 Micron Crucial 單條32GB DDR5 5600/CL46 (原生顆粒)【雙參數】,$2399 ◆ ★
美光 Micron Crucial 單條64GB DDR5 5600/CL46 (原生顆粒)【雙參數】,$4999 ◆ ★ 熱賣
UMAX 16GB(雙通8GB*2) DDR5 4800/CL40 含散熱片 支援 XMP,$1350 ◆ ★
UMAX 32GB(雙通16GB*2) DDR5 4800/CL40 含散熱片 支援 XMP,$2299 ◆ ★ 熱賣
UMAX 64GB(雙通32GB*2) DDR5 4800/CL40 含散熱片 支援 XMP,$4399 ◆ ★
UMAX 16GB(雙通8GB*2) DDR5 5600/CL46 含散熱片【雙參數】,$1350 ◆ ★
UMAX 32GB(雙通16GB*2) DDR5 5600/CL46 含散熱片【雙參數】,$2299 ◆ ★ 熱賣
UMAX 32GB(雙通16GB*2) DDR5 6000/CL30 含散熱片【雙參數】,$2799 ◆ ★ 熱賣
UMAX 64GB(雙通32GB*2) DDR5 5600/CL46 含散熱片【雙參數】,$4399 ◆ ★
UMAX 64GB(雙通32GB*2) DDR5 6000/CL30 含散熱片【雙參數】,$5699 ◆ ★
威剛 32GB(雙通16GB*2) DDR5 5600 XPG Lancer Blade(矮版散熱片)/CL46黑【雙參數】,$2598 ◆ ★ 熱賣
威剛 32GB(雙通16GB*2) DDR5 5600 XPG Lancer Blade(矮版散熱片)/CL46白【雙參數】,$2598 ◆ ★ 熱賣
威剛 32GB(雙通16GB*2) DDR5 5600 XPG Lancer/CL36 黑【雙參數】,$2899 ◆ ★ 熱賣
威剛 32GB(雙通16GB*2) DDR5 6000 XPG Lancer Blade(矮版散熱片)/CL48黑【雙參數】,$2699 ◆ ★ 熱賣
威剛 32GB(雙通16GB*2) DDR5 6000 XPG Lancer Blade(矮版散熱片)/CL48白【雙參數】,$2699 ◆ ★ 熱賣
威剛 32GB(雙通16GB*2) DDR5 6000 XPG Lancer Blade(矮版散熱片)/CL30黑【雙參數】▼下殺到 6/19 10:00,$3359↘$3199 ◆ ★ 熱賣
威剛 32GB(雙通16GB*2) DDR5 6000 XPG Lancer Blade(矮版散熱片)/CL30白【雙參數】▼下殺到 6/19 10:00,$3359↘$3199 ◆ ★ 熱賣
威剛 32GB(雙通16GB*2) D5 6000 XPG Lancer Blade(矮版)/CL28黑【AMD首選】【雙參數】,$3899 ◆ ★ 熱賣
威剛 32GB(雙通16GB*2) D5 6000 XPG Lancer Blade(矮版)/CL28白【AMD首選】【雙參數】,$3899 ◆ ★ 熱賣
威剛 32GB(雙通16GB*2) DDR5 6000 XPG Lancer Blade RGB(矮版)/CL30黑【雙參數】▼下殺到 6/19 10:00,$3599↘$3359 ◆ ★ 熱賣
威剛 32GB(雙通16GB*2) DDR5 6000 XPG Lancer Blade RGB(矮版)/CL30白【雙參數】▼下殺到 6/19 10:00,$3599↘$3359 ◆ ★ 熱賣
威剛 32GB(雙通16GB*2) D5 6000 XPG Lancer Blade RGB(矮版)/CL28黑【雙參數】,$4099 ◆ ★ 熱賣
威剛 32GB(雙通16GB*2) D5 6000 XPG Lancer Blade RGB(矮版)/CL28白【雙參數】,$4099 ◆ ★ 熱賣
威剛 32GB(雙通16GB*2) DDR5 6000 XPG Lancer/CL30 黑【雙參數】▼下殺到 6/19 10:00,$3499↘$3299 ◆ ★ 熱賣
威剛 32GB(雙通16GB*2) DDR5 6000 XPG Lancer/CL30 白【雙參數】▼下殺到 6/19 10:00,$3499↘$3299 ◆ ★ 熱賣
威剛 32GB(雙通16GB*2) DDR5 6000 XPG Lancer RGB/CL30 黑【雙參數】▼下殺到 6/19 10:00,$3699↘$3459 ◆ ★ 熱賣
威剛 32GB(雙通16GB*2) DDR5 6000 XPG Lancer RGB/CL30 白【雙參數】▼下殺到 6/19 10:00,$3699↘$3459 ◆ ★ 熱賣
威剛 32GB(雙通16GB*2) DDR5 6000 XPG Lancer RGB/CL30(RO姬)黑【雙參數】,$3299 ◆ ★
威剛 32GB(雙通16GB*2) D5 6000 XPG Lancer RGB/CL28黑【AMD首選】【雙參數】,$4280 ◆ ★ 熱賣
威剛 32GB(雙通16GB*2) D5 6000 XPG Lancer RGB/CL28白【AMD首選】【雙參數】,$4280 ◆ ★ 熱賣
威剛 32GB(雙通16GB*2) DDR5 6400 XPG Lancer Blade(矮版散熱片)/CL32黑【雙參數】,$3799 ◆ ★
威剛 32GB(雙通16GB*2) DDR5 6400 XPG LancerRGB/CL32黑【雙參數】,$3899 ◆ ★ 熱賣
威剛 32GB(雙通16GB*2) DDR5 6400 XPG LancerRGB/CL32白【雙參數】,$3899 ◆ ★ 熱賣
威剛 48GB(雙通24GB*2) DDR5 6000 XPG Lancer Blade RGB/CL30 黑【雙參數】,$4759 ◆ ★ 熱賣
威剛 48GB(雙通24GB*2) DDR5 6000 XPG Lancer Blade RGB/CL30 白【雙參數】,$4759 ◆ ★ 熱賣
威剛 48GB(雙通24GB*2) DDR5 6400 XPG Lancer Blade RGB/CL32 黑【雙參數】,$4999 ◆ ★ 熱賣
威剛 48GB(雙通24GB*2) DDR5 6400 XPG Lancer Blade RGB/CL32 白【雙參數】,$4999 ◆ ★ 熱賣
威剛 64GB(雙通32GB*2) DDR5 5600 XPG Lancer Blade(矮版散熱片)/CL46黑【雙參數】,$4899 ◆ ★ 熱賣
威剛 64GB(雙通32GB*2) DDR5 5600 XPG Lancer/CL36 白【雙參數】,$5599 ◆ ★ 熱賣
威剛 64GB(雙通32GB*2) DDR5 6000 XPG Lancer Blade(矮版散熱片)/CL30黑【雙參數】▼下殺到 6/19 10:00,$6489↘$6380 ◆ ★ 熱賣
威剛 64GB(雙通32GB*2) DDR5 6000 XPG Lancer Blade(矮版散熱片)/CL30白【雙參數】▼下殺到 6/19 10:00,$6489↘$6380 ◆ ★ 熱賣
威剛 64GB(雙通32GB*2) DDR5 6000 XPG Lancer Blade RGB(矮版)/CL30黑【雙參數】▼下殺到 6/19 10:00,$6899↘$6799 ◆ ★ 熱賣
威剛 64GB(雙通32GB*2) DDR5 6000 XPG Lancer Blade RGB(矮版)/CL30白【雙參數】▼下殺到 6/19 10:00,$6899↘$6799 ◆ ★ 熱賣
威剛 64GB(雙通32GB*2) DDR5 6000 XPG Lancer/CL30 黑【雙參數】▼下殺到 6/19 10:00,$6699↘$6599 ◆ ★ 熱賣
威剛 64GB(雙通32GB*2) DDR5 6000 XPG Lancer/CL30 白【雙參數】▼下殺到 6/19 10:00,$6699↘$6599 ◆ ★ 熱賣
威剛 64GB(雙通32GB*2) DDR5 5600 XPG Lancer RGB/CL36 黑【雙參數】,$5999↘$5499 ◆ ★ 熱賣
威剛 64GB(雙通32GB*2) DDR5 5600 XPG Lancer RGB/CL36 白【雙參數】,$5999↘$5499 ◆ ★ 熱賣
威剛 64GB(雙通32GB*2) DDR5 6000 XPG Lancer RGB/CL30 黑【雙參數】▼下殺到 6/19 10:00,$7019↘$6899 ◆ ★ 熱賣
威剛 64GB(雙通32GB*2) DDR5 6000 XPG Lancer RGB/CL30 白【雙參數】▼下殺到 6/19 10:00,$7019↘$6899 ◆ ★ 熱賣
威剛 64GB(雙通32GB*2) DDR5 6400 XPG LancerRGB/CL32 黑【雙參數】,$7499 ◆ ★ 熱賣
威剛 64GB(雙通32GB*2) DDR5 6400 XPG LancerRGB/CL32 白【雙參數】,$7499 ◆ ★ 熱賣
威剛32GB(雙通16GB*2)D5 7200/CL34 LancerRGB(AX5U7200C3416G-DCLARBK)黑,$4759 ◆ ★ 熱賣
威剛32GB(雙通16GB*2)D5 7200/CL34 LancerRGB(AX5U7200C3416G-DCLARWH)白,$4759 ◆ ★ 熱賣
Biwin 佰維 Black Opal HX100 32GB(雙通16GBx2) D5-6000 CL36 黑 [雙參數],$2399 ◆ ★
Biwin 佰維 Back Opal HX100 32GB(雙通16GBx2) D5-6000 CL36 銀 [雙參數],$2399 ◆ ★
Biwin 佰維 Black Opal HX100 32GB(雙通16GBx2) D5-6000 CL28 黑 [雙參數],$3888 ◆ ★
Biwin 佰維 Black Opal HX100 48GB(雙通24GBx2) D5-6000 CL28 黑 [雙參數],$4699 ◆ ★
Biwin 佰維 Black Opal DW100 RGB 32GB(雙通16GBx2) D5-6000 CL36 黑 [雙參數],$2599 ◆ ★
Biwin 佰維 Black Opal DW100 RGB 32GB(雙通16GBx2) D5-6000 CL36 白 [雙參數],$2599 ◆ ★
Biwin 佰維 Black Opal DW100 RGB 48GB(雙通24GBx2) D5-6000 CL28 黑 [雙參數],$4999 ◆ ★
Biwin 佰維 Black Opal DW100 RGB 48GB(雙通24GBx2) D5-6000 CL28 白 [雙參數],$4999 ◆ ★
宏碁 Acer Predator Pallas II 32GB(雙通16GB*2) DDR5 6000 黑/CL34【雙參數】,$2799 ◆ ★
宏碁 Acer Predator Pallas II 32GB(雙通16GB*2) DDR5 6000 銀/CL34【雙參數】,$2799 ◆ ★
宏碁 Acer Predator Pallas II 32GB(雙通16GB*2) DDR5 6000 黑/CL30【雙參數】,$2990↗$3299 ◆ ★
宏碁 Acer Predator Pallas II 32GB(雙通16GB*2) DDR5 6000 銀/CL30【雙參數】,$2990↗$3299 ◆ ★
宏碁 Acer Predator Pallas II 32GB(雙通16GB*2) DDR5 6400 黑/CL32加送128G雙用隨身碟~,$3299 ◆ ★ 熱賣
宏碁 Acer Predator Pallas II 32GB(雙通16GB*2) DDR5 6400 銀/CL32加送128G雙用隨身碟~,$3299 ◆ ★ 熱賣
宏碁 Acer HT200 32GB(雙通16GB*2) DDR5 6000黑/CL30【雙參數】,$2990 ◆ ★ 熱賣
宏碁 Acer HT200 32GB(雙通16GB*2) DDR5 6000銀/CL30【雙參數】,$2990 ◆ ★ 熱賣
宏碁 Acer HT200 64GB(雙通32GB*2) DDR5 6000黑/CL30【雙參數】,$6350 ◆ ★ 熱賣
宏碁 Acer HT200 64GB(雙通32GB*2) DDR5 6000銀/CL30【雙參數】,$6350 ◆ ★ 熱賣
宏碁 Acer Predator Vesta II RGB 32GB(雙通16GB*2)DDR5 6000黑/CL30【雙參數】▼下殺到 6/22 23:59,$3688↘$3399 ◆ ★ 熱賣
宏碁 Acer Predator Vesta II RGB 32GB(雙通16GB*2)DDR5 6000銀/CL30【雙參數】▼下殺到 6/22 23:59,$3688↘$3399 ◆ ★ 熱賣
宏碁 Acer Predator Vesta II RGB 32GB(雙通16GB*2)DDR5 6400黑/CL32加送128G雙用隨身碟,$3699 ◆ ★ 熱賣
宏碁 Acer Predator Vesta II RGB 32GB(雙通16GB*2)DDR5 6400銀/CL32加送128G雙用隨身碟,$3699 ◆ ★ 熱賣
宏碁 Acer Predator Vesta II RGB 32GB(雙通16GB*2)DDR5 6800黑/CL34加送128G雙用隨身碟,$4099 ◆ ★ 熱賣
宏碁 Acer Predator Vesta II RGB 32GB(雙通16GB*2)DDR5 6800銀/CL34加送128G雙用隨身碟,$4099 ◆ ★ 熱賣
宏碁 Acer Predator Vesta II RGB 64GB(雙通32GB*2)DDR5 6000黑/CL30【雙參數】,$6488 ◆ ★ 熱賣
宏碁 Acer Predator Vesta II RGB 64GB(雙通32GB*2)DDR5 6000銀/CL30【雙參數】,$6488 ◆ ★ 熱賣
宏碁 Acer Predator Hermes RGB 32GB(雙通16GB*2)DDR5 6400黑/CL32加送128G雙用隨身碟,$4099 ◆ ★ 熱賣
宏碁 Acer Predator Hermes RGB 32GB(雙通16GB*2)DDR5 6400銀/CL32加送128G雙用隨身碟,$4099 ◆ ★ 熱賣
宏碁 Acer Predator Hermes RGB 32GB(雙通16GB*2)DDR5 6400白/CL32加送128G雙用隨身碟,$4099 ◆ ★ 熱賣
宏碁 Acer Predator Hermes RGB 32GB(雙通16GB*2)DDR5 6800黑/CL32加送128G雙用隨身碟,$4599 ◆ ★ 熱賣
宏碁 Acer Predator Hermes RGB 48GB(雙通24GB*2)DDR5 6800黑/CL34加送128G雙用隨身碟,$7199 ◆ ★ 熱賣
宏碁 Acer Predator Hermes RGB 64GB(雙通32GB*2)D5 6400黑/CL32加送128G雙用隨身碟,$7299 ◆ ★ 熱賣
宏碁 Acer Predator Hermes RGB 64GB(雙通32GB*2)D5 6400白/CL32加送128G雙用隨身碟,$7299 ◆ ★ 熱賣
宏碁 Acer Predator hera RGB 32GB(雙通16GB*2)DDR5 8000黑/CL36加送128G雙用隨身碟,$5999 ◆ ★ 熱賣
宏碁 Acer Predator hera RGB 32GB(雙通16GB*2)DDR5 8000銀/CL36加送128G雙用隨身碟,$5999 ◆ ★ 熱賣
宏碁 Acer Predator hera RGB 48GB(雙通24GB*2)DDR5 8400黑/CL40加送128G雙用隨身碟,$8888 ◆ ★ 熱賣
宏碁 Acer Predator hera RGB 48GB(雙通24GB*2)DDR5 8400銀/CL40加送128G雙用隨身碟,$8888 ◆ ★ 熱賣
KLEVV(科賦)32GB(雙通道16GB*2)DDR5 6000 CRAS V RGB/CL30 曜石黑【雙參數】,$3399 ◆ ★ 熱賣
KLEVV(科賦)32GB(雙通道16GB*2)DDR5 6000 CRAS V RGB/CL30 晶燦白【雙參數】,$3399 ◆ ★ 熱賣
KLEVV(科賦)64GB(雙通道32GB*2)DDR5 6000 CRAS V RGB/CL30 曜石黑【雙參數】,$6359 ◆ ★ 熱賣
KLEVV(科賦)64GB(雙通道32GB*2)DDR5 6000 CRAS V RGB/CL30 晶燦白【雙參數】,$6359 ◆ ★
KLEVV(科賦)32GB(雙通道16GB*2) DDR5 6400/CL32 BOLT V 【雙參數】,$2999 ◆ ★
KLEVV(科賦)32GB(雙通道16GB*2) DDR5 6400/CL32 CRAS V RGB 曜石黑 【雙參數】,$3599 ◆ ★ 熱賣
KLEVV(科賦)32GB(雙通道16GB*2) DDR5 6400/CL32 CRAS V RGB 晶燦白 【雙參數】,$3599 ◆ ★ 熱賣
KLEVV(科賦)64GB(雙通道32GB*2) DDR5 6400/CL32 CRAS V RGB 曜石黑 【雙參數】,$6799 ◆ ★ 熱賣
KLEVV(科賦)64GB(雙通道32GB*2) DDR5 6400/CL32 CRAS V RGB 晶燦白 【雙參數】,$6799 ◆ ★ 熱賣
金士頓 32GB(雙通16GB*2) DDR5-5600/CL36 FURY Beast黑【雙參數】,$2780↘$2700 ◆ ★
金士頓 32GB(雙通16GB*2) DDR5-5600/CL36 FURY Beast白【雙參數】,$2780↘$2700 ◆ ★
金士頓 32GB(雙通16GB*2) DDR5-5600/CL36 FURY Beast RGB黑【雙參數】,$3100↘$3080 ◆ ★
金士頓 32GB(雙通16GB*2) DDR5-5600/CL36 FURY Beast RGB白【雙參數】,$3100↘$3080 ◆ ★
金士頓 32GB(雙通16GB*2) DDR5-6000/CL30 FURY Beast 黑 (獸獵者)【雙參數】,$3288↗$3450 ◆ ★
金士頓 32GB(雙通16GB*2) DDR5-6000/CL30 FURY Beast 白 (獸獵者)【雙參數】,$3288↗$3450 ◆ ★
金士頓 32GB(雙通16GB*2) DDR5-6000/CL30 FURY Beast RGB黑 【雙參數】,$3688↗$3800 ◆ ★
金士頓 32GB(雙通16GB*2) DDR5-6400/CL32 FURY Beast 黑 (獸獵者)【雙參數】,$3980↘$3900 ◆ ★
金士頓 32GB(雙通16GB*2) DDR5-6400/CL32 FURY Beast 白 (獸獵者)【雙參數】,$3980↘$3900 ◆ ★
金士頓 32GB(雙通16GB*2) DDR5-6400/CL32 FURY Beast RGB黑【雙參數】,$4150↗$4200 ◆ ★
金士頓 32GB(雙通16GB*2) DDR5-6400/CL32 FURY Beast RGB白【雙參數】,$4150↗$4200 ◆ ★
金士頓 64GB(雙通32GB*2) DDR5-5600/CL36 FURY Beast 黑 (獸獵者)【雙參數】,$5250↘$4800 ◆ ★ 熱賣
金士頓 64GB(雙通32GB*2) DDR5-5600/CL36 FURY Beast 白 (獸獵者)【雙參數】,$5250↘$4800 ◆ ★ 熱賣
金士頓 64GB(雙通32GB*2) DDR5-6000/CL30 FURY Beast 黑 (獸獵者)【雙參數】,$6350↗$6500 ◆ ★
金士頓 64GB(雙通32GB*2) DDR5-6000/CL30 FURY Beast 白 (獸獵者)【雙參數】,$6350↗$6500 ◆ ★
金士頓 64GB(雙通32GB*2) DDR5-6000/CL30 FURY Beast RGB黑【雙參數】,$6500↗$6750 ◆ ★
金士頓 64GB(雙通32GB*2) DDR5-6000/CL30 FURY Beast RGB白【雙參數】,$6500↗$6750 ◆ ★
金士頓 64GB(雙通32GB*2) DDR5-6400/CL32 FURY Beast 黑 (獸獵者)【雙參數】~限量~,$6950 ◆ ★ 熱賣
金士頓 64GB(雙通32GB*2) DDR5-6400/CL32 FURY Beast 白 (獸獵者)【雙參數】~限量~,$6950 ◆ ★ 熱賣
金士頓 64GB(雙通32GB*2) DDR5-6400/CL32 FURY Beast RGB黑【雙參數】,$7780↘$7700 ◆ ★
金士頓 64GB(雙通32GB*2) DDR5-6400/CL32 FURY Beast RGB白【雙參數】,$7780↘$7700 ◆ ★
金士頓 32GB(雙通16GB*2) DDR5-6400 FURY Renegade RGB黑(KF564C32RSAK2-32),$4690↘$4400 ◆ ★ 熱賣
金士頓 32GB(雙通16GB*2) DDR5-7200 FURY Renegade RGB黑(KF572C38RSAK2-32),$6500↘$5500 ◆ ★ 熱賣
金士頓 32GB(雙通16GB*2) DDR5-7200 FURY Renegade RGB銀白(KF572C38RWAK2-32),$6500↘$5500 ◆ ★ 熱賣
十銓ELITE 32GB(雙通道16GB*2) DDR5 5600/CL46 【雙參數】,$2599 ◆ ★
十銓 T-Force Vulcan ECO火神散熱片 32GB(雙通16GB*2)D5-6000/CL30 銀色【雙參數】,$3399↘$3099 ◆ ★ 熱賣
十銓T-Force Delta 炫光RGB系列 32GB(雙通16GB*2) D5-6000/CL38 白色【雙參數】,$3299 ◆ ★
十銓T-Force Delta 炫光RGB系列 32GB(雙通16GB*2) D5-6000/CL30 黑色【雙參數】,$3599↘$3259 ◆ ★ 熱賣
十銓T-Force Delta 炫光RGB系列 32GB(雙通16GB*2) D5-6000/CL30 白色【雙參數】,$3599↘$3259 ◆ ★ 熱賣
十銓T-Force Delta 炫光RGB系列 64GB(雙通32GB*2) D5-6000/CL38 白色【雙參數】,$5799 ◆ ★ 熱賣
十銓 T-CREATE EXPERT 32GB(16GB*2) D5-6000(CL30)黑【雙參數】頂規十層PCB,$3299↘$3149 ◆ ★
十銓 T-CREATE EXPERT 32GB(16GB*2) D5-6000(CL30)白【雙參數】頂規十層PCB,$3299↘$3149 ◆ ★
十銓T-Force Delta 炫光RGB系列 32GB(雙通16GB*2) DDR5-6400/CL32 黑色【雙參數】,$3799 ◆ ★
十銓T-Force Delta 炫光RGB系列 32GB(雙通16GB*2) DDR5-6400/CL32 白色【雙參數】,$3799 ◆ ★
十銓T-Force Delta 炫光RGB系列 32GB(雙通16GB*2) DDR5-7200/CL34 黑色【雙參數】,$4099 ◆ ★
十銓T-Force Delta 炫光RGB系列 32GB(雙通16GB*2) DDR5-7200/CL34 白色【雙參數】,$4099 ◆ ★
十銓T-CREATE EXPERT 引領者32GB(雙通16GB*2) D5-6400/CL32 黑色~頂規十層PCB,$3599 ◆ ★
十銓T-CREATE EXPERT 引領者32GB(雙通16GB*2) D5-6400/CL32 白色~頂規十層PCB,$3599 ◆ ★
十銓T-CREATE EXPERT 引領者48GB(雙通24GB*2) D5-6400/CL32 黑色~頂規十層PCB,$4999 ◆ ★
十銓T-CREATE EXPERT 引領者48GB(雙通24GB*2) D5-6400/CL32 白色~頂規十層PCB,$4999 ◆ ★
十銓XTREEM 玄鏡散熱片 32GB(雙通16GB*2) DDR5-7200/CL34 黑色【雙參數】,$4299 ◆ ★
十銓XTREEM 玄鏡散熱片 32GB(雙通16GB*2) DDR5-7200/CL34 白色【雙參數】,$4299 ◆ ★
十銓XTREEM 玄鏡散熱片 32GB(雙通16GB*2) DDR5-7200/CL34 粉紅色【雙參數】,$4299 ◆ ★
十銓XTREEM ARGB幻鏡炫彩 32GB(雙通16GB*2) DDR5-7200/CL34 黑色【雙參數】,$4399 ◆ ★
十銓XTREEM ARGB幻鏡炫彩 32GB(雙通16GB*2) DDR5-7200/CL34 白色【雙參數】,$4399 ◆ ★
美光 Micron Crucial 64GB(雙通32GB*2) DDR5 4800/CL40 支援 XMP,$4799 ◆ ★
美光 Micron Crucial 32GB(雙通16GB*2) DDR5 5600/CL46(原生顆粒)【雙參數】,$2399 ◆ ★
美光 Micron Crucial 64GB(雙通32GB*2) DDR5 5600/CL46(原生顆粒)【雙參數】,$4799 ◆ ★
美光 Micron Crucial 128GB(雙通64GB*2) DDR5 5600/CL46(原生顆粒)【雙參數】,$9999 ◆ ★
美光 Micron Crucial PRO 超頻 32GB(雙通16GB*2) DDR5 5600/CL46【雙參數】,$2399 ◆ ★ 熱賣
美光 Micron Crucial PRO 超頻 64GB(雙通32GB*2) DDR5 5600/CL46【雙參數】,$4799 ◆ ★
美光 Micron Crucial PRO 超頻 96GB(雙通48GB*2) DDR5 5600/CL46【雙參數】,$7188 ◆ ★ 熱賣
美光 Micron Crucial PRO 超頻 32GB(雙通16GB*2) D5 6000/CL36 黑色散熱片【雙參數】,$2499 ◆ ★
美光 Micron Crucial PRO 超頻 32GB(雙通16GB*2) D5 6000/CL36 白色散熱片【雙參數】,$2499 ◆ ★
美光 Micron Crucial PRO 超頻 64GB(雙通32GB*2) D5 6000/CL40 黑色散熱片【雙參數】,$4999 ◆ ★
美光 Micron Crucial PRO 超頻 64GB(雙通32GB*2) D5 6000/CL40 白色散熱片【雙參數】,$4999 ◆ ★
美光 Micron Crucial PRO 超頻 32GB(雙通16GB*2) D5 6400/CL38 黑色散熱片【雙參數】,$2699 ◆ ★
美光 Micron Crucial PRO 超頻 32GB(雙通16GB*2) D5 6400/CL38 白色散熱片【雙參數】,$2699 ◆ ★
美光 Micron Crucial PRO 超頻 64GB(雙通32GB*2) D5 6400/CL40 黑色散熱片【雙參數】,$5399 ◆ ★
美光 Micron Crucial PRO 超頻 64GB(雙通32GB*2) D5 6400/CL40 白色散熱片【雙參數】,$5399 ◆ ★
海盜船 VENGEANCE 32G(16G*2) D5-6000/CL36 灰(CMK32GX5M2E6000Z36)雙參數,$2990 ◆ ★
海盜船 VENGEANCE 32G(16G*2) D5-6000/CL30 灰(CMK32GX5M2B6000Z30)雙參數,$3490 ◆ ★ 熱賣
海盜船 VENGEANCE 32G(16G*2) D5-6000/CL36 灰RGB(CMH32GX5M2E6000Z36)雙,$3190 ◆ ★
海盜船 VENGEANCE 32G(16G*2) D5-6400/CL36 灰(CMK32GX5M2B6400Z36)雙參數,$3190 ◆ ★
海盜船 VENGEANCE 32G(16G*2) D5-6400/CL36 灰RGB(CMH32GX5M2B6400Z36)雙,$3390 ◆ ★
海盜船 VENGEANCE 32G(16G*2) D5-6400/CL32 灰(CMK32GX5M2B6400Z32)雙參數,$3499 ◆ ★
海盜船 VENGEANCE 32G(16G*2) D5-6400/CL32 灰RGB(CMH32GX5M2B6400Z32)雙,$3649 ◆ ★
海盜船 DOMINATOR TITANIUM 32G(16G*2) D5-7200/CL34 黑RGB(CMP32GX5M2X7200C34),$5999 ◆ ★
海盜船 DOMINATOR TITANIUM 32G(16G*2) D5-7200/CL34 白RGB(CMP32GX5M2X7200C34W),$5999 ◆ ★
芝奇 Ripjaws S5焰刃32GB(雙通16G*2)D5-6000/CL36黑( F5-6000J3636F16GX2-RS5K)[雙參數],$2890 ◆ ★ 熱賣
芝奇 Ripjaws S5焰刃32GB(雙通16G*2)D5-6000/CL30黑(F5-6000J3040F16GX2-RS5K)XMP,$3490 ◆ ★ 熱賣
芝奇 Ripjaws S5焰刃64GB(雙通32G*2)D5-6000/C36黑(F5-6000J3636F32GX2-RS5K)雙參數,$5490 ◆ ★
芝奇 Ripjaws S5焰刃64GB(雙通32G*2)D5-6000/CL30黑(F5-6000J3040G32GX2-RS5K)XMP,$6490 ◆ ★ 熱賣
芝奇 Ripjaws S5焰刃64GB(雙通32G*2)D5-6000/CL30白(F5-6000J3040G32GX2-RS5W)XMP,$6490 ◆ ★ 熱賣
芝奇 Ripjaws S5焰刃96GB(雙通48G*2)D5-6000/CL30黑(F5-6000J3036F48GX2-RS5K)XMP,$11700 ◆ ★
芝奇 RipjawsM5 RGB焰刃32GB(16G*2)D5-6000/CL36黑(F5-6000J3636F16GX2-RM5RK雙參,$3100 ◆ ★
芝奇 RipjawsM5 RGB焰刃32GB(16G*2)D5-6000/CL36白(F5-6000J3636F16GX2-RM5RW雙參,$3100 ◆ ★
芝奇 RipjawsM5 RGB焰刃32GB(16G*2)D5-6000/CL36黑(F5-6000J3648D16GX2-RM5RK)XMP,$3100 ◆ ★
芝奇 RipjawsM5 RGB焰刃32GB(16G*2)D5-6000/CL36白(F5-6000J3648D16GX2-RM5RW)XMP,$3100 ◆ ★
芝奇 RipjawsM5 RGB焰刃32GB(16G*2)D5-6000/CL30黑(F5-6000J3040F16GX2-RM5RK)XMP,$3800 ◆ ★ 熱賣
芝奇 RipjawsM5 RGB焰刃32GB(16G*2)D5-6000/CL30白(F5-6000J3040F16GX2-RM5RW)XMP,$3800 ◆ ★ 熱賣
芝奇 RipjawsM5 RGB焰刃96GB(48G*2)D5-6000/C30黑(F5-6000J3036F48GX2-RM5RK)XMP,$12000 ◆ ★
芝奇 RipjawsM5 RGB焰刃96GB(48G*2)D5-6000/C30白(F5-6000J3036F48GX2-RM5RW)XMP,$12000 ◆ ★
芝奇 烈焰槍RGB 64GB(雙通32G*2)D5-6000/CL36黑(F5-6000J3636F32GX2-RM5NRK[雙參數],$5890↘$5690 ◆ ★
芝奇 烈焰槍RGB 64GB(雙通32G*2)D5-6000/CL36白(F5-6000J3636F32GX2-RM5NRW[雙參數],$5890↘$5690 ◆ ★
芝奇 烈焰槍RGB 96GB(雙通48G*2)D5-6000/CL30黑(F5-6000J3036F48GX2-RM5NRK)EXPO~限量~,$8990 ◆ ★ 熱賣
芝奇 烈焰槍RGB 96GB(雙通48G*2)D5-6000/CL30白(F5-6000J3036F48GX2-RM5NRW)EXPO~限量~,$8990 ◆ ★ 熱賣
芝奇 幻鋒戟RGB 32GB(雙通16G*2) D5-6000/CL30黑( F5-6000J3040F16GX2-TZ5RK)XMP,$3900↘$3890 ◆ ★ 熱賣
芝奇 幻鋒戟RGB 32GB(雙通16G*2) D5-6000/CL30白( F5-6000J3040F16GX2-TZ5RW)XMP,$3900↘$3890 ◆ ★ 熱賣
芝奇 幻鋒戟RGB 32GB(雙通16G*2) D5-6400/CL32黑( F5-6400J3239G16GX2-TZ5RK)XMP,$4190↘$3990 ◆ ★
芝奇 幻鋒戟RGB 32GB(雙通16G*2) D5-6400/CL32白( F5-6400J3239G16GX2-TZ5RW)XMP,$4190↘$3990 ◆ ★
芝奇 幻鋒戟RGB 32GB(雙通16G*2) D5-7200/CL34黑(F5-7200J3445G16GX2-TZ5RK)XMP,$4700↘$4590 ◆ ★
芝奇 幻鋒戟RGB 32GB(雙通16G*2) D5-7200/CL34白(F5-7200J3445G16GX2-TZ5RW)XMP,$4700↘$4590 ◆ ★
芝奇 幻鋒戟RGB 48GB(雙通24G*2)D5-8000/CL40黑(F5-8000J4048F24GX2-TZ5RK)XMP,$7500 ◆ ★
芝奇 幻鋒戟RGB 48GB(雙通24G*2)D5-8000/CL40白(F5-8000J4048F24GX2-TZ5RW)XMP,$7500 ◆ ★
芝奇 幻鋒戟RGB 64GB(雙通32G*2) D5-6000/CL30黑(F5-6000J3040G32GX2-TZ5RK)XMP,$6990 ◆ ★
芝奇 幻鋒戟RGB 64GB(雙通32G*2) D5-6000/CL30白(F5-6000J3040G32GX2-TZ5RW)XMP,$6990 ◆ ★
芝奇 幻鋒戟RGB 64GB(雙通32G*2) D5-6400/CL32黑(F5-6400J3239G32GX2-TZ5RK)XMP,$7350↗$8200 ◆ ★
芝奇 幻鋒戟RGB 64GB(雙通32G*2) D5-6400/CL32白(F5-6400J3239G32GX2-TZ5RW)XMP,$7350↗$8200 ◆ ★
芝奇 焰鋒戟RGB(雙通16GB*2) D5-6000/CL30黑(F5-6000J3038F16GX2-TZ5NR)EXPO,$4090↘$3990 ◆ ★
芝奇 焰鋒戟RGB(雙通32GB*2)D5-6000/CL30黑(F5-6000J3040G32GX2-TZ5NR)EXPO,$7590↘$7490 ◆ ★
芝奇 焰鋒戟RGB(雙通16GB*2)D5-6400/CL30黑(F5-6400J3039G16GX2-TZ5NR)EXPO,$4700↘$4590 ◆ ★
芝奇 焰鋒戟RGB(雙通16GB*2)D5-6400/CL30白(F5-6400J3039G16GX2-TZ5NRW)EXPO,$4700↘$4590 ◆ ★
芝奇 焰鋒戟RGB(雙通16GB*2)D5-7200/CL34黑(F5-7200J3445G16GX2-TZ5NR)EXPO,$4880↘$4690 ◆ ★
芝奇 焰鋒戟RGB(雙通16GB*2)D5-7200/CL34白(F5-7200J3445G16GX2-TZ5NRW)EXPO,$4880↘$4690 ◆ ★
芝奇 焰鋒戟RGB(雙通24GB*2)D5-8000/CL40黑(F5-8000J4048G24GX2-TZ5NR)EXPO限量,$7850 ◆ ★ 熱賣
芝奇 皇家戟RGB(雙通16GB*2)D5-6000/CL28銀(F5-6000J2836G16GX2-TR5NS)EXPO,$5200↘$5090 ◆ ★ 熱賣
芝奇 皇家戟RGB(雙通16GB*2)D5-6000/CL28金(F5-6000J2836G16GX2-TR5NG)EXPO,$6200↘$5990 ◆ ★
芝奇 皇家戟RGB(雙通32GB*2)D5-6000/CL30銀(F5-6000J3036G32GX2-TR5NS)EXPO,$9100↘$8990 ◆ ★
芝奇 皇家戟RGB(雙通32GB*2)D5-6000/CL28銀(F5-6000J2836G32GX2-TR5NS)EXPO,$9490 ◆ ★
芝奇 皇家戟RGB(雙通48GB*2)D5-6000/CL30銀(F5-6000J3036F48GX2-TR5NS)EXPO,$10890↗$12700 ◆ ★
芝奇 皇家戟RGB(雙通16GB*2)D5-6400/CL30銀(F5-6400J3039G16GX2-TR5NS)EXPO,$5150↘$4990 ◆ ★
芝奇 皇家戟RGB(雙通16GB*2)D5-6400/CL30金(F5-6400J3039G16GX2-TR5NG)EXPO,$5950↗$5990 ◆ ★
芝奇 皇家戟RGB(雙通16GB*2)D5-8000/CL38銀(F5-8000J3848H16GX2-TR5NS)EXPO~限量~,$6100 ◆ ★ 熱賣
芝奇 皇家戟RGB(雙通16GB*2)D5-8000/CL38金(F5-8000J3848H16GX2-TR5NG)EXPO,$7100 ◆ ★
芝奇 皇家戟RGB(雙通24GB*2)D5-8000/CL40銀(F5-8000J4048G24GX2-TR5NS)EXPO,$8300↘$7990 ◆ ★
芝奇 皇家戟RGB(雙通16GB*2)D5-6000/CL28銀(F5-6000J2836G16GX2-TR5S)XMP,$5200↘$5090 ◆ ★
芝奇 皇家戟RGB(雙通16GB*2)D5-6400/CL32銀(F5-6400J3239G16GX2-TR5S)XMP,$4750↘$4490 ◆ ★
芝奇 皇家戟RGB(雙通16GB*2)D5-7200/CL34銀(F5-7200J3445G16GX2-TR5S)XMP,$5300↘$4990 ◆ ★
芝奇 皇家戟RGB(雙通16GB*2)D5-7200/CL34金(F5-7200J3445G16GX2-TR5G)XMP,$5690↗$5990 ◆ ★
芝奇 皇家戟RGB(雙通32GB*2)D5-6000/CL28銀(F5-6000J2836G32GX2-TR5S)XMP,$9200↘$8990 ◆ ★
芝奇 皇家戟RGB(雙通32GB*2)D5-6400/CL32銀(F5-6400J3239G32GX2-TR5S)XMP,$8590↗$8890 ◆ ★
芝奇 皇家戟RGB(雙通24GB*2)D5-8000/CL40銀(F5-8000J4048F24GX2-TR5S)XMP,$8200↘$7800 ◆ ★
芝奇 皇家戟RGB(雙通24GB*2)D5-8000/CL40金(F5-8000J4048F24GX2-TR5G)XMP,$8900↘$8700 ◆ ★
UMAX NB 8GB DDR5 4800/CL40,$639 ◆ ★ 熱賣
UMAX NB 16GB DDR5 4800/CL40,$1159↘$1039 ◆ ★ 熱賣
UMAX NB 32GB DDR5 4800/CL40,$2259↘$2099 ◆ ★
UMAX NB 8GB DDR5 5600/CL46,$649 ◆ ★ 熱賣
UMAX NB 16GB DDR5 5600/CL46,$1169 ◆ ★ 熱賣
UMAX NB 32GB DDR5 5600/CL46,$2299 ◆ ★
威剛 NB 8GB DDR5 4800(AD5S48008G-S)/CL40,$729 ◆ ★
威剛 NB 16GB DDR5 4800(AD5S480016G-S)/CL40,$1199↘$1100 ◆ ★
威剛 NB 32GB DDR5-4800/CL40 (AD5S480032G-S),$2299↘$2200 ◆ ★
威剛 NB 8GB DDR5-5600/CL46 (AD5S56008G-S),$829 ◆ ★
威剛 NB 16GB DDR5-5600/CL46 (AD5S560016G-S),$1299↘$1250 ◆ ★
威剛 NB 32GB DDR5-5600/CL46 (AD5S560032G-S),$2499↘$2350 ◆ ★
金士頓 NB 16GB DDR5 5600(KVR56S46BS8-16)/CL46,$1300↘$1250 ◆ ★
金士頓 NB 32GB DDR5 5600(KVR56S46BD8-32)/CL46,$2500↘$2350 ◆ ★
美光 Micron Crucial NB 8GB DDR5 4800/CL40,$699 ◆ ★
美光 Micron Crucial NB 16GB DDR5 5600/CL46,$1199 ◆ ★
美光 Micron Crucial NB 32GB DDR5 5600/CL46,$2399 ◆ ★ 熱賣
美光 Micron Crucial NB 64GB DDR5 5600/CL46,$4999 ◆ ★
美光 Micron Crucial NB 雙通16G*2 DDR5 5600/CL46,$2399 ◆ ★
美光 Micron Crucial NB 雙通32G*2 DDR5 5600/CL46,$4799 ◆ ★
美光 Micron Crucial NB 雙通64G*2 DDR5 5600/CL46,$9999 ◆ ★
UMAX 8GB DDR4-2400(1024*8),$399 ◆ ★
UMAX 8GB DDR4-2666原生顆粒製(1024*8),$399 ◆ ★
UMAX 8GB DDR4-3200(1024*8)超頻,$399 ◆ ★
UMAX 16GB DDR4-2400(1024*8),$749 ◆ ★
UMAX 16GB DDR4-2666原生顆粒製(1024*8),$749 ◆ ★
UMAX 16GB DDR4-2666原生顆粒製(2048*8),$749 ◆ ★
UMAX 16GB DDR4-3200(1024*8)超頻CL16,$639 ◆ ★ 熱賣
UMAX 16GB DDR4-3200原生顆粒製(2048*8)超頻CL16,$799 ◆ ★
UMAX 32GB DDR4-3200原生顆粒製(2048*8)超頻CL16,$1459 ◆ ★
威剛 8GB DDR4-3200(AD4U320038G22-SGN)(1024*8),$499 ◆ ★
威剛 8GB DDR4-3200 XPG D10超頻CL16(AX4U320038G16A-SB10)(1024*8)(黑色),$529 ◆ ★ 熱賣
威剛 16GB DDR4-3200(AD4U3200316G22-SGN)(1024*8),$899 ◆ ★
威剛 16GB DDR4-3200 XPG D10超頻CL16(AX4U3200316G16A-SB10)(1024*8)(黑色),$949 ◆ ★ 熱賣
威剛 32GB DDR4-3200(AD4U3200732G22-SGN)(2048*8),$1699↘$1600 ◆ ★ 熱賣
十銓ELITE 16GB DDR4-3200(2048*8),$859 ◆ ★ 熱賣
KLEVV(科賦) 16GB DDR4-3200(2048*8),$770 ◆ ★ 熱賣
KLEVV(科賦) 32GB DDR4-3200(2048*8),$1499 ◆ ★ 熱賣
KLEVV(科賦) 16GB(雙通8GB*2) DDR4 3200 BOLT X系列 黑散熱片/CL16(1024*8),$950 ◆ ★ 熱賣
KLEVV(科賦) 32GB(雙通16GB*2) DDR4 3200 BOLT X系列 黑散熱片/CL16(2048*8),$1799 ◆ ★
金士頓 8GB DDR4-3200 FURY Beast(獸獵者)(KF432C16BB/8)(1024*8),$540 ◆ ★ 熱賣
金士頓 16GB DDR4-3200(KVR32N22S8/16)(2048*8),$890 ◆ ★ 熱賣
金士頓 16GB DDR4-3200 FURY Beast(獸獵者)(KF432C16BB/16)(2048*8),$950 ◆ ★ 熱賣
金士頓 32GB DDR4-3200(KVR32N22D8/32)(2048*8),$1650↗$1700 ◆ ★
金士頓 32GB DDR4-3200 FURY Beast(獸獵者)(KF432C16BB/32)(2048*8),$1700↗$1750 ◆ ★
金士頓 32GB DDR4-3600 FURY Beast(獸獵者)(KF436C18BB/32)(2048*8),$1900↗$1950 ◆ ★
美光 Micron Crucial 8GB DDR4-3200(1024*8),$499↗$529 ◆ ★
美光 Micron Crucial 16GB DDR4-3200(2048*8),$880 ◆ ★
美光 Micron Crucial 32GB DDR4-3200(2048*8),$1599↗$1699 ◆ ★
UMAX 16GB(雙通8GB*2) DDR4-2666原生顆粒製-含散熱片(1024*8),$940 ◆ ★
UMAX 16GB(雙通8GB*2) DDR4-3200超頻CL16含散熱片(1024*8),$970 ◆ ★ 熱賣
UMAX 32GB(雙通16GB*2) DDR4-2666原生顆粒製-含散熱片(1024*8),$1499 ◆ ★
UMAX 32GB(雙通16GB*2) DDR4-2666原生顆粒製-含散熱片(2048*8),$1499 ◆ ★
UMAX 32GB(雙通16GB*2) DDR4-3200原生顆粒-超頻CL16含散熱片(1024*8),$1399 ◆ ★ 熱賣
UMAX 32GB(雙通16GB*2) DDR4-3200原生顆粒-超頻CL16含散熱片(2048*8),$1499 ◆ ★
UMAX 64GB(雙通32GB*2) DDR4-3200原生顆粒-超頻CL16含散熱片(2048*8),$2999 ◆ ★ 熱賣
威剛 16GB(雙通8GB*2) D4-3200 D10超頻CL16(AX4U320038G16A-DB10)(1024*8)黑色,$1058 ◆ ★ 熱賣
威剛 32GB(雙通16G*2) D4-3200 D10超頻CL16(AX4U3200316G16A-DB10)(1024*8)黑,$1898 ◆ ★ 熱賣
威剛 32GB(雙通16G*2) D4-3600 D10超頻CL18(AX4U3600316G18I-DB10)(1024*8)黑,$1999 ◆ ★ 熱賣
威剛 16GB(雙通8GB*2) D4-3200 D50 RGB CL16(AX4U320038G16A-DT50)(1024*8)灰,$1299 ◆ ★
威剛 16GB(雙通8GB*2) D4-3200 D50 RGB CL16(AX4U320038G16A-DW50)(1024*8)白,$1299 ◆ ★
威剛 16GB(雙通8GB*2) D4-3600 D50 RGB CL18(AX4U360038G18I-DT50)(1024*8)灰,$1399 ◆ ★
威剛 32GB(雙通16G*2) D4-3200 D50 RGB CL16(AX4U3200716G16A-DT50)(2048*8)灰,$2249 ◆ ★
威剛 32GB(雙通16G*2) D4-3200 D50 RGB CL16(AX4U3200716G16ADW50)(2048*8)白,$2249 ◆ ★
威剛 32GB(雙通16G*2) D4-3600 D50 RGB CL18(AX4U3600716G18I-DT50)(2048*8)灰,$2349 ◆ ★ 熱賣
威剛 32GB(雙通16G*2) D4-3600 D50 RGB CL18(AX4U3600716G18I-DW50)(2048*8)白,$2349 ◆ ★ 熱賣
金士頓 16GB(雙通8GB*2) DDR4-3200 FURY Beast(獸獵)(KF432C16BBK2/16),$1050 ◆ ★ 熱賣
金士頓 16GB(雙通8GB*2) DDR4-3200 FURY Beast RGB(獸獵)(KF432C16BB2AK2/16),$1288↗$1350 ◆ ★
金士頓 16GB(雙通8GB*2) DDR4-3600 FURY Beast(獸獵)(KF436C17BBK2/16),$1130↗$1150 ◆ ★
金士頓 32GB(雙通16GB*2) DDR4-3200 (獸獵者)(KF432C16BBK2/32)(2048*8),$1900 ◆ ★ 熱賣
金士頓 32GB(雙通16GB*2) DDR4-3200 RGB(獸獵者)(KF432C16BB2AK2/32)(2048*8),$2250↗$2300 ◆ ★
金士頓 32GB(雙通16GB*2) DDR4-3600 (獸獵者)(KF436C18BBK2/32)(2048*8),$1990↗$2100 ◆ ★
金士頓 32GB(雙通16GB*2) DDR4-3600 RGB(獸獵者)(KF436C18BB2AK2/32)(2048*8),$2400↗$2450 ◆ ★
金士頓 64GB(雙通32GB*2) DDR4-3200 (獸獵者)(KF432C16BBK2/64)(2048*8),$3588↘$3530 ◆ ★
十銓 T-Create Expert 引領者散熱片系列 16GB(雙通8GB*2) DDR4-3200/CL16,$999 ◆ ★
十銓 T-Create Expert 引領者散熱片系列 16GB(雙通8GB*2) DDR4-3600/CL18,$1049 ◆ ★
十銓 T-Create Expert 引領者散熱片系列 32GB(雙通16GB*2) DDR4-3200/CL16,$1888 ◆ ★ 熱賣
十銓 T-Create Expert 引領者散熱片系列 32GB(雙通16GB*2) DDR4-3600/CL18,$1999 ◆ ★
十銓 T-Create Expert 引領者散熱片系列 64GB(雙通32GB*2) DDR4-3200/CL16,$3699 ◆ ★
十銓 T-Create Expert 引領者散熱片系列 64GB(雙通32GB*2) DDR4-3600/CL18,$3799 ◆ ★
十銓 T-Force Delta 炫光RGB系列 16GB(雙通8GB*2) DDR4-3200(黑色)/CL16,$1169 ◆ ★
十銓 T-Force Delta 炫光RGB系列 16GB(雙通8GB*2) DDR4-3200(白色)/CL16,$1169 ◆ ★
十銓 T-Force Delta 炫光RGB系列 16GB(雙通8GB*2) DDR4-3600(黑色)/CL18,$1199 ◆ ★
十銓 T-Force Delta 炫光RGB系列 16GB(雙通8GB*2) DDR4-3600(白色)/CL18,$1199 ◆ ★
十銓 T-Force Delta 炫光RGB系列 32GB(雙通16GB*2) DDR4-3200(黑色)/CL16,$1899 ◆ ★
十銓 T-Force Delta 炫光RGB系列 32GB(雙通16GB*2) DDR4-3200(白色)/CL16,$1899 ◆ ★
十銓 T-Force Delta 炫光RGB系列 32GB(雙通16GB*2) DDR4-3600(黑色)/CL18,$1999 ◆ ★
芝奇 G.SKILL Ripjaws V 32GB(雙通16GB*2) D4-3600 CL18 黑 F4-3600C18D-32GVK,$1770↗$2050 ◆ ★
芝奇 G.SKILL Ripjaws V 32GB(雙通16GB*2) D4-4000 CL18 黑 F4-4000C18D-32GVK,$2190↗$2750 ◆ ★
芝奇 G.SKILL Ripjaws V 64GB(雙通32GB*2) D4-3200 CL16 黑 F4-3200C16D-64GVK,$5100 ◆ ★ 熱賣
芝奇 G.SKILL 幻光戟 16GB(雙通8GB*2) D4-3200 CL16 黑銀 F4-3200C16D-16GTZR,$1390↗$1490 ◆ ★
芝奇 G.SKILL 幻光戟 32GB(雙通16GB*2) D4-3200 CL16 黑銀 F4-3200C16D-32GTZR,$2190↗$2400 ◆ ★
芝奇 G.SKILL 幻光戟 32GB(雙通16GB*2) D4-3600 CL16 黑銀 F4-3600C16D-32GTZRC,$2790↗$2890 ◆ ★
芝奇 G.SKILL 幻光戟 32GB(雙通16GB*2) D4-4000 CL18 黑銀 F4-4000C18D-32GTZR,$2690↗$3100 ◆ ★
芝奇 G.SKILL 幻光戟 64GB(雙通32GB*2) D4-3200 CL16 黑銀 F4-3200C16D-64GTZR,$4380↗$5400 ◆ ★
芝奇 G.SKILL 皇家戟 32GB(雙通16GB*2) D4-3200 CL16 銀 F4-3200C16D-32GTRS,$2990↗$3190 ◆ ★
芝奇 G.SKILL 皇家戟 64GB(雙通32GB*2) D4-3200 CL16 銀 F4-3200C16D-64GTRS,$5090↗$6190 ◆ ★
芝奇 G.SKILL 焰光戟 32GB(雙通16GB*2) D4-3200 F4-3200C16D-32GTZN[For AMD],$2290↗$2500 ◆ ★
芝奇 G.SKILL 焰光戟 32GB(雙通16GB*2) D4-3600 F4-3600C16D-32GTZNC[For AMD],$2990 ◆ ★ 熱賣
芝奇 G.SKILL 燄光戟 32GB(雙通16GB*2) D4-4000 F4-4000C18D-32GTZN[FOR R5000],$2790↗$3250 ◆ ★
芝奇 G.SKILL 焰光戟 64GB(雙通32GB*2) D4-3600 F4-3600C18D-64GTZN[FOR AMD],$4550↗$5890 ◆ ★
美光 Micron Crucial 32GB(雙通16GB*2) DDR4-3200(2048*8),$1599↗$1699 ◆ ★
芝奇G.SKILL 幻光戟 128GB(四通32GB*4) D4-3200 CL16 黑銀 F4-3200C16Q-128GTZR,$8950↗$10990 ◆ ★
UMAX NB 8GB DDR4-2400(1024*8),$419 ◆ ★
UMAX NB 8GB DDR4-2666(1024*8),$429 ◆ ★
UMAX NB 8GB DDR4-3200(1024*8),$439 ◆ ★ 熱賣
UMAX NB 16GB DDR4-2400(1024*8),$749 ◆ ★
UMAX NB 16GB DDR4-2666(1024*8),$759 ◆ ★
UMAX NB 16GB DDR4-2666(2048*8),$759 ◆ ★
UMAX NB 16GB DDR4-3200(1024*8),$769 ◆ ★ 熱賣
UMAX NB 16GB DDR4-3200(2048*8),$799 ◆ ★ 熱賣
UMAX NB 32GB DDR4-3200(2048*8),$1499 ◆ ★ 熱賣
威剛 NB 8GB DDR4-3200(AD4S320038G22-SGN)(1024*8),$499 ◆ ★
威剛 NB 16GB DDR4-3200(AD4S3200716G22-SGN)(2048*8),$899 ◆ ★
金士頓 NB 8GB DDR4-3200(KVR32S22S8/8)(1024*8),$488↗$500 ◆ ★
金士頓 NB 16GB DDR4-3200(KVR32S22S8/16)(2048*8),$890↗$900 ◆ ★
金士頓 NB 32GB D4-3200(KVR32S22D8/32)(2048*8),$1750 ◆ ★ 熱賣
美光 NB 8GB DDR4-3200(1024*8),$495↗$525 ◆ ★
美光 NB 16GB DDR4-3200(2048*8),$888 ◆ ★
美光 NB 32GB DDR4-3200(2048*8),$1599↗$1699 ◆ ★
UMAX 8GB DDR3-1600(512*8),$590 ◆ ★ 熱賣
金士頓 8G DDR3-1600(KVR16N11/8)(512*8),$1200↘$1150 ◆ ★
UMAX 16GB(雙通道8G*2)DDR3-1600含散熱片(512*8),$1290 ◆ ★ 熱賣
UMAX NB 8GB DDR3L-1600 低電壓(512*8),$690 ◆ ★ 熱賣
金士頓 NB 4GB DDR3L-1600 低電壓(KVR16LS11/4)(512*8),$630↘$600 ◆ ★
金士頓 NB 8GB DDR3-1600(KVR16S11/8)(512*8),$1200 ◆ ★ 熱賣
金士頓 NB 8GB DDR3L-1600 低電壓(KVR16LS11/8)(512*8),$1200↘$1150 ◆ ★
金士頓16GB 5600MT/s D5 ECC CL46 DIMM 1Rx8 Hynix A(KSM56E46BS8KM-16HA),$3300 ◆ ★
金士頓32GB 5600MT/s D5 ECC CL46 DIMM 2Rx8 Hynix A(KSM56E46BD8KM-32HA),$6190 ◆ ★
金士頓48GB 5600MT/s D5 ECC CL46 DIMM 2Rx8 Hynix M(KSM56E46BD8KM-48HM),$9500 ◆ ★
芝奇 G5 64G(16G*4)D5-6000 C30 ECC(F5-6000R3036G16GQ4-G5)XMP,$16000 ◆ ★
芝奇 G5 128G(16G*8)D5-6000 C30 ECC(F5-6000R3036G16GQ8-G5)XMP,$32800 ◆ ★
芝奇 G5 128G(32G*4)D5-6000 C30 ECC(F5-6000R3036G32GQ4-G5)XMP,$26500 ◆ ★
芝奇 G5 192G(48G*4)D5-6000 C30 ECC(F5-6000R3036G48GQ4-G5)XMP,$40500 ◆ ★
芝奇 G5 64G(16G*4)D5-6400 C32 ECC(F5-6400R3239G16GQ4-G5)XMP,$17000 ◆ ★
芝奇 G5 128G(32G*4)D5-6400 C32 ECC(F5-6400R3239G32GQ4-G5)XMP,$29000 ◆ ★
芝奇 G5 192G(48G*4)D5-6400 C32 ECC(F5-6400R3239G48GQ4-G5)XMP,$43000 ◆ ★
芝奇 G5 NEO 64G(16G*4)D5-6000 C30 ECC(F5-6000R3036G16GQ4-G5N)EXPO,$16000 ◆ ★
芝奇 G5 NEO 128G(32G*4)D5-6000 C30 ECC(F5-6000R3036G32GQ4-G5N)EXPO,$26500 ◆ ★
芝奇 G5 NEO 192G(48G*4)D5-6000 C30 ECC(F5-6000R3036G48GQ4-G5N)EXPO,$40500 ◆ ★
芝奇 G5 NEO 64G(16G*4)D5-6400 C32 ECC(F5-6400R3239G16GQ4-G5N)EXPO,$17000 ◆ ★
芝奇 G5 NEO 128G(32G*4)D5-6400 C32 ECC(F5-6400R3239G32GQ4-G5N)EXPO,$29000 ◆ ★
芝奇 G5 NEO 192G(48G*4)D5-6400 C32 ECC(F5-6400R3239G48GQ4-G5N)EXPO,$43000 ◆ ★
金士頓16GB 5600MT/s D5 ECC Reg CL46 DIMM 1R*8 Hynix A Rambus (KSM56R46BS8-16HA),$3680 ◆ ★
金士頓32GB 5600MT/s D5 ECC Reg CL46 DIMM 2R*8 Hynix A Rambus (KSM56R46BD8-32HA),$6500 ◆ ★
金士頓64GB 5600MT/s D5 ECC Reg CL46 DIMM 2R*4 Hynix A Rambus (KSM56R46BD4-64HA),$12300 ◆ ★
金士頓16GB 3200MHz DDR4 ECC CL22 DIMM 2R*8 Hynix(KSM32ED8/16HD),$2100 ◆ ★
金士頓32GB 3200MHz DDR4 ECC CL22 DIMM 2R*8 Hynix C(KSM32ED8/32HC),$3900 ◆ ★
金士頓16GB 3200MHz D4 ECC Reg CL22 DIMM 2R*8 Hynix D Rambus (KSM32RD8/16HDR),$2200 ◆ ★
金士頓32GB 3200MHz D4 ECC Reg CL22 DIMM 2R*8 Hynix C Rambus (KSM32RD8/32HCR),$4100 ◆ ★
金士頓64GB 3200MHz D4 ECC Reg CL22 DIMM 2R*4 Hynix C Rambus (KSM32RD4/64HCR),$7600 ◆ ★
華碩 ROG Herculx 顯示卡支撐架 /氣泡水平儀/ARGB燈效/2年(機殼需配置電源倉),$1290 ◆ ★
華碩 ROG Herculx 白色版 顯示卡支撐架 /氣泡水平儀/ARGB燈效/2年(機殼需配置電源倉),$1390 ◆ ★
賽德斯 顯卡支撐架 /消光金屬灰/橫式直立雙用/支援雙顯卡,$390 ◆ ★
酷碼 VGA Holder 顯卡用支架 千斤頂顯卡支撐架/(0005-KUH00),$490 ◆ ★
酷碼 ARGB 強化玻璃 顯卡支撐架(MCA-U000R-GSBTG-00),$790 ◆ ★
酷碼 ATLAS ARGB 顯卡支撐架 /無限鏡面強化玻璃/鋁製支架,$1390 ◆ ★
微星 MPG ARGB 顯卡支撐架 黑 磁吸式底座/90度可旋轉設計,$790 ◆ ★
微星 MPG ARGB 顯卡支撐架 白 磁吸式底座/90度可旋轉設計,$790 ◆ ★
Acer Nitro Intel ARC B570 OC 10GB(2690MHz/27cm/雙風扇/註三年),$7690 ◆ ★ 熱賣
INTEL 原廠 ARC B580 12G(2670MHz/27.2cm/雙風扇/三年保),$8990 ★ 熱賣
華擎 ARC B580 Challenger 12G OC(2740MHz/25cm/雙風扇/註三年),$9290 ◆ ★ ↓任搭300↓
華擎 ARC B580 Steel Legend 12G OC(2800MHz/30cm/三風扇/註三年),$10290 ◆ ★ ↓任搭100↓
ACER 宏碁 Predator Arc A770 16G(2400MHz/27cm/三年)Predator散熱系統 *少量,$9990↘$8490 ★ 熱賣
微星 N210-MD1G/D3(589MHz/1G DDR3/風扇版/14.5cm/三年保),$1250 ◆ ★
華碩 GT710-SL-2GD5-BRK-EVO(954MHz/2G DDR5/17cm/註冊四年保)保固最優,$1790 ◆ ★
技嘉 N710D3-2GL(954MHz/2G DDR3/14.4cm/三年保),$1690 ◆ ★
微星 GT710 2GD3H LP(954MHz/2G DDR3/靜音版/14.6cm/三年保),$1790 ◆ ★
INNO3D GT710 1GB DDR3(954MHz/靜音版/14cm/三年保固) 缺貨! 無痛升級 710-2GB,$1388 ◆ ★
INNO3D GT710 2GB DDR3(954MHz/靜音版/14cm/三年保固),$1588 ◆ ★
ZOTAC GT710-2GD3-L(71302-20L)(954MHz/2G DDR3/靜音版/14.6cm/註四年)三介面,$1690 ◆ ★
華碩 GT730-SL-2GD5-BRK(902MHz/2G DDR5/16.5cm/靜音版/註四年),$2590 ◆ ★ 熱賣
華碩 GT730-4H-SL-2GD5(927MHz/2G DDR5/14.8cm/靜音版/註四年) 4輸出 HDMI,$2890 ◆ ★
微星 N730-2GD3V3(700MHz/2G DDR3 128Bit/14.5cm/三年保)雪精靈系列,$2590 ◆ ★
INNO3D GT730 2GB SDDR3(902MHz/靜音版/14cm/三年保),$1888 ◆ ★ 熱賣
ZOTAC GT730 2GB Zone Edition(902MHz/2G DDR3/15cm/無風扇/註四年)三介面,$2350 ◆ ★
華碩 GT1030-SL-2G-BRK(1468MHz/GDDR5/17cm/註四年),$2890 ◆ ★
微星 GT1030 2GD4 LP OC(1430MHz/DDR4/15cm/三年保),$2850 ◆ ★
微星 GT1030 AERO ITX 2GD4 OCV1(1430MHz/DDR4/15cm/三年保) 類比輸出,$3290 ◆ ★
技嘉 GT1030 Low Profile D4 2G(1417MHz/GDDR4/15cm/單風扇),$2890 ◆ ★
INNO3D GT1030 2G(1468MHz/GDDR5/17cm/三年保),$2488 ◆ ★
ZOTAC GT1030 2GB GDDR5 HDMI/DVI Low Profile(P10300A-10L),$2790 ◆ ★
ZOTAC GT1030 2GB GDDR5 HDMI/VGA Low Profile(P10300E-10L) 類比輸出,$2790 ◆ ★
華碩 DUAL-RTX3050-O6G(1537MHz/20cm/雙風扇/註四年)任搭優惠,$6290 ◆ ★ 熱賣 ↓任搭300↓
華碩 RTX3050-O6G-LP-BRK(1537MHz/18cm/雙風扇/註四年)薄型短卡-任搭優惠,$6390 ◆ ★ ↓任搭300↓
技嘉 RTX3050 OC Low Profile 6G(1477MHz/18cm/雙風扇/註四年)短卡四輸出,$5990 ◆ ★
技嘉 RTX3050 WINDFORCE OC V2 6G(N3050WF2OCV2-6GD),$5990 ◆ ★
微星 RTX3050 LP 6G OC(1492MHz/17.5cm/雙風扇/註四年)薄型設計.高度僅6.9cm,$5990 ◆ ★ ↓任搭100↓
微星 RTX3050 VENTUS 2X E 6G OC(1492MHz/19cm/雙風扇/註四年),$5990 ◆ ★ ↓任搭100↓
微星 RTX3050 GAMING X 6G(1507MHz/21cm/雙風扇/註五年),$6190 ◆ ★
ZOTAC RTX3050 6GB GDDR6 Solo(1470MHz/15cm/單風扇/註四年)滿料四輸出,$5890 ◆ ★ 熱賣
ZOTAC RTX3050 6GB GDDR6 LP(1470MHz/16cm/雙風扇/註四年) 短版設計,$5990 ◆ ★ ↓任搭500↓
ZOTAC RTX3050 6GB GDDR6 Twin Edge OC(1477MHz/16cm/雙風扇),$5590 ◆ ★
INNO3D RTX3050 6GB TWIN X2(1470MHz/22cm/雙風扇/註四年),$5488 ◆ ★
華碩 DUAL-RTX3050-O8G-V2(1852MHz/20cm/雙風扇/註四年)OC版.時脈高,$6990 ◆ ★
微星 RTX3050 AERO ITX 8G OCV1(1807MHz/17cm/單風扇/註冊四年保)限時活動,$6890 ◆ ★
微星 RTX3050 VENTUS 2X XS 8G OC(1807MHz/21cm/雙風扇/註冊四年保),$6990 ◆ ★ ↓任搭100↓
ZOTAC RTX3050 ECO SOLO(1777MHz/15cm/單風扇/註冊四年保)*加送ZOTAC 鼠墊,$6390 ◆ ★ 熱賣
INNO3D RTX3050 TWIN X2(1777MHZ/24cm/超頻雙風扇/註冊四年保),$6488 ◆ ★
華碩 DUAL-RTX3060-O12G-V2(1867MHz/20cm/雙風扇)-鋁合金背板,$8990 ◆ ★
微星 RTX3060 VENTUS 2X 12G OC(1807MHz/23.5cm/雙風扇/註冊四年),$8990 ◆ ★
ZOTAC RTX3060 TWIN EDGE 12G(1777MHz/22.5cm/雙風扇/註四年)智能風扇,$7990 ★
[組裝價]ZOTAC RTX3060 TWIN EDGE 12G(1777MHz/22.5cm/雙風扇/註四年)智能風扇,$6990 ★
微星 RTX4060 CYCLONE 8G OC 金螳螂(2505MHz/16.3cm/螳螂扇) 你只有一次機會,$9590 ◆ ★ 熱賣
華碩 DUAL-RTX4060TI-O8G-EVO(2595MHz/23cm/雙風扇/註四年)鋁合金背板,$13690↘$13390 ◆ ★
技嘉 RTX4070 SUPER WINDFORCE OC 12G(2505MHz/26cm/註冊四年),$21990 ★ 熱賣
華碩 DUAL-RTX5060-O8G(2565MHz/23cm/雙風扇/註冊四年)*金屬背板,$10990 ◆ ★ 熱賣
華碩 PRIME-RTX5060-O8G(2595MHz/27cm/三風扇/註冊五年)*金屬背板,$11990 ◆ ★
"華碩 TUF-RTX5060-O8G-GAMING(2692MHz/31cm/三風扇/註五年)金屬背板 缺,供參考",$12990 ◆ ★
技嘉 RTX5060 WINDFORCE 8G(2497MHz/20cm/雙風扇/註冊四年),$10990 ◆ ★ 熱賣
技嘉 RTX5060 WINDFORCE OC 8G(2512MHz/20cm/雙風扇/註冊四年),$11290 ◆ ★
技嘉 RTX5060 OC Low Profile 8G(2512MHz/19cm/三風扇/註冊四年),$11990 ◆ ★
技嘉 RTX5060 EAGLE OC 8G(2550MHz/21cm/雙風扇/註冊五年),$11890 ◆ ★
"技嘉 RTX5060 EAGLE OC ICE 8G 白(2550MHz/21cm/雙風扇/註五年/銀白) 缺,供參考",$12290 ◆ ★
技嘉 RTX5060 GAMING OC 8G(2595MHz/28cm/三風扇/註冊五年),$12590 ◆ ★
技嘉 RTX5060 AERO OC 8G(2595MHz/28cm/三風扇/註冊五年/銀白),$12990 ◆ ★
技嘉 AORUS RTX5060 ELITE 8G(2722MHz/33cm/三風扇/註冊五年),$13290 ◆ ★
微星 RTX5060 8G VENTUS 2X OC(2535MHz/20cm/雙風扇/註冊四年),$10990 ◆ ★
微星 RTX5060 8G CYCLONE OC 雪螳螂【獨家】(免註冊五年保),$10990 ◆ ★ 熱賣
微星 RTX5060 8G GAMING TRIO OC(2640MHz/30cm/三風扇/註冊五年),$12990 ◆ ★
微星 RTX5060 8G GAMING TRIO OC WHITE(2640MHz/30cm/三風扇/註冊五年),$13500 ◆ ★
ZOTAC RTX5060 SOLO(2497MHz/17cm/單風扇/註冊五年),$10990 ◆ ★
ZOTAC RTX5060 AMP(2550MHz/22cm/雙風扇/註冊五年),$11888 ★
INNO3D RTX5060 8GB TWIN X2(2497MHz/25cm/註四年/雙風扇),$10990 ◆ ★
華碩 DUAL-RTX5060TI-O8G(2632MHz/23cm)首批優惠.售完調回.原價14590,$13790 ◆ ★
華碩 PRIME-RTX5060TI-O8G(2647MHz/31cm/三風扇/註冊五年保固),$15990 ◆ ★
技嘉 RTX5060Ti WINDFORCE 8G(2572MHz/21cm/雙風扇/註冊四年保),$13790 ◆ ★
技嘉 RTX5060Ti WINDFORCE OC 8G(2587MHz/21cm/雙風扇/註冊四年保),$13790 ◆ ★ 熱賣
技嘉 RTX5060Ti EAGLE OC 8G(2617MHz/22cm/雙風扇/註冊五年保),$14990 ◆ ★
技嘉 RTX5060Ti EAGLE OC ICE 8G 白(2617MHz/22cm/雙風扇/註冊五年保),$15490 ◆ ★
技嘉 RTX5060Ti GAMING OC 8G(2647MHz/28cm/三風扇/註冊五年保),$15990 ◆ ★
技嘉 RTX5060Ti AERO OC 8G 白(2647MHz/28cm/三風扇/註冊五年保),$16490 ◆ ★
微星 RTX5060Ti 8G VENTUS 2X PLUS(2587MHz/23cm/雙風扇/註四年),$13790 ◆ ★
微星 RTX5060Ti 8G VENTUS 2X OC PLUS(2617MHz/23cm/雙風扇/註四年),$14500 ◆ ★
微星 RTX5060Ti 8G CYCLONE OC 雪螳螂【獨家】(2617MHz/免註冊五年保),$14500 ★ 熱賣
微星 RTX5060Ti 8G VENTUS 3X OC(2617MHz/31cm/三風扇/註五年),$14990 ◆ ★
微星 RTX5060Ti 8G GAMING TRIO OC(2662MHz/30cm/三風扇/註五年),$15990 ◆ ★
微星 RTX5060Ti 8G GAMING TRIO OC WHITE 白(2662MHz/30cm/三風扇/註五年),$16990 ◆ ★
ZOTAC RTX5060Ti 8GB Twin Edge(2572MHz/22cm/雙風扇/註冊五年保),$13790 ◆ ★
ZOTAC RTX5060Ti 8GB Twin Edge OC(2602MHz/22cm/雙風扇/註冊五年保),$14490 ◆ ★ 熱賣
ZOTAC RTX5060Ti 8GB AMP(2632MHz/22cm/雙風扇/註冊五年保),$15490 ◆ ★
INNO3D RTX5060Ti 8GB TWIN X2(2572MHz/25cm/註四年/雙風扇),$13790 ◆ ★
INNO3D RTX5060Ti 8GB TWIN X2 OC(2602MHz/25cm/註四年/雙風扇),$14488 ◆ ★
INNO3D RTX5060Ti 8GB TWIN X2 OC WHITE(2602MHz/25cm/註四年/雙風扇/映雪),$14888 ◆ ★
華碩 DUAL-RTX5060TI-O16G(2632MHz/23cm/雙風扇/註冊四年保固)*限購一片,$15590 ◆ ★
華碩 PRIME-RTX5060TI-O16G(2647MHz/31cm/三風扇/註冊五年保固)*限購一片,$17990 ◆ ★
華碩 TUF-RTX5060TI-O16G-GAMING(2692MHz/30cm/三風扇/註冊五年保固),$18990 ◆ ★ 熱賣
微星 RTX5060Ti 16G VENTUS 2X PLUS(2587MHz/23cm/雙風扇/註四年)*限購一片,$15590 ◆ ★
微星 RTX5060Ti 16G VENTUS 2X OC PLUS(2617MHz/23cm/雙風扇/註四年)*限購一片,$16990 ◆ ★
微星 RTX5060Ti 16G VENTUS 3X OC(2617MHz/31cm/三風扇/註五年)*限購一片,$17590 ◆ ★
微星 RTX5060Ti 16G GAMING TRIO OC WHITE 白(2662MHz/30cm/三風扇)*限購一片,$18590 ◆ ★
微星 RTX5060Ti 16G VANGUARD SOC(2707MHz/34cm/三風扇/註五年)*限購一片,$18990 ◆ ★
ZOTAC RTX5060Ti 16GB Twin Edge(2572MHz/22cm/雙風扇/註冊五年保),$15590 ◆ ★ 熱賣
ZOTAC RTX5060Ti 16GB Twin Edge OC(2602MHz/22cm/雙風扇/註冊五年保),$16490 ◆ ★
INNO3D RTX5060Ti 16GB TWIN X2(2572MHz/25cm/註四年/雙風扇)*限購一片,$15590 ◆ ★
華碩 DUAL-RTX5070-O12G(2572MHz/25cm/雙風扇/註四年)限購一片,$19990 ◆ ★
華碩 PRIME-RTX5070-12G(2542MHz/31cm/三風扇/註冊五年保),$22990 ◆ ★ 熱賣 ↓任搭300↓
華碩 PRIME-RTX5070-O12G(2587MHz/31cm/三風扇/註冊五年保),$23990 ◆ ★ 熱賣 ↓任搭300↓
華碩 PRIME-RTX5070-O12G-WHITE(2587MHz/31cm/三風扇/註冊五年保/純白),$24990 ◆
華碩 TUF-RTX5070-O12G-GAMING(2640MHz/33cm/三風扇/註五年)HDMI*2,$25990 ◆ ★ 熱賣 ↓任搭100↓
華碩 ROG-STRIX-RTX5070-O12G-GAMING(2685MHz/33cm/三風扇/註五年),$28990 ◆ ★
技嘉 RTX5070 WINDFORCE SFF 12G(2512MHz/29cm/註冊四年保),$19990 ◆ ★
技嘉 RTX5070 WINDFORCE OC SFF 12G(2542MHz/29cm/三風扇/註四年),$20990 ◆ ★ 熱賣
技嘉 RTX5070 EAGLE OC SFF 12G(2587MHz/29cm/三風扇/註五年),$21990 ◆ ★
技嘉 RTX5070 GAMING OC 12G(2625MHz/33cm/三風扇/註五年),$23990 ◆ ★
技嘉 RTX5070 AERO OC 12G(2625MHz/33cm/三風扇/註五年),$24990 ◆ ★
技嘉 AORUS RTX5070 MASTER 12G(2715MHz/32cm/三風扇/註五年),$25990 ◆ ★
微星 RTX5070 12G SHADOW 2X OC(2557MHz/24cm/雙風扇/註四年),$19990 ◆ ★
微星 RTX5070 12G VENTUS 2X OC(2557MHz/24cm/雙風扇/註四年),$21990 ◆ ★ 熱賣
微星 RTX5070 12G VENTUS 2X OC WHITE(2557MHz/24cm/雙風扇/雪白),$22990 ◆ ★
微星 RTX5070 12G VENTUS 3X OC(2557MHz/31cm/三風扇/註五年),$22990 ◆ ★ 熱賣
微星 RTX5070 12G INSPIRE 3X OC(2557MHz/29cm/三風扇/註五年),$22990 ◆ ★ 熱賣
微星 RTX5070 12G GAMING TRIO OC(2625MHz/34cm/三風扇/註五年),$24990 ◆ ★
微星 RTX5070 12G VANGUARD SOC LAUNCH EDITION先鋒-限量公仔版,$27990 ◆ ★
ZOTAC RTX5070 Twin Edge(2512MHz/24cm/雙風扇/註五年),$19990 ◆ ★
ZOTAC RTX5070 Twin Edge OC(2542MHz/24cm/雙風扇/註五年),$21990 ◆ ★ ↓任搭200↓
ZOTAC RTX5070 SOLID(2512MHz/31cm/三風扇/註五年),$22990 ◆ ★ 熱賣 ↓任搭200↓
ZOTAC RTX5070 SOLID OC(2542MHz/31cm/三風扇/註五年),$23990 ◆ ★ ↓任搭200↓
ZOTAC RTX5070 AMP White Edition(2587MHz/31cm/三風扇/註五年),$24990 ◆ ★ ↓任搭200↓
INNO3D RTX5070 TWIN X2(2512MHz/25cm/雙風扇/註四年),$19990 ◆ ★
INNO3D RTX5070 TWIN X2 OC(2542MHz/25cm/超頻雙風扇註四年),$21488 ◆ ★
INNO3D RTX5070 TWIN X2 OC WHITE(2542MHz/25cm/超頻雙風/白註四年),$22488 ◆ ★
INNO3D RTX5070 X3 OC(2542MHz/30cm/超頻三風扇/Dual Slot),$23488 ◆ ★
華碩 PRIME-RTX5070TI-O16G(2527MHz/31cm/三風扇/註五年)*限組裝,$32990 ◆ ★
華碩 TUF-RTX5070TI-O16G-GAMING(2610MHz/33cm/三風扇/註五年)*任搭商品,$34990 ◆ ★ 熱賣
華碩 ROG-STRIX-RTX5070TI-O16G-GAMING(2625MHz/33cm/三風扇/註五年)*限組裝,$37990 ◆ ★
技嘉 RTX5070Ti WINDFORCE OC SFF 16G(2497MHz/31cm/三風扇/註四年)*限組裝,$30990 ◆ ★
技嘉 RTX5070Ti EAGLE OC SFF 16G(2542MHz/31cm/三風扇/註五年)*限組裝,$31990 ◆ ★
技嘉 RTX5070Ti GAMING OC 16G(2588MHz/34cm/三風扇/註五年)*限組裝,$33990 ◆ ★
技嘉 AORUS RTX5070Ti MASTER 16G(2670MHz/36cm/三風扇/註五年)*限組裝,$35990 ◆ ★
微星 RTX5070Ti 16G VENTUS 3X OC(2497MHz/31cm/三風扇/註四年)*限組裝,$30990 ◆ ★
微星 RTX5070Ti 16G INSPIRE 3X OC(2497MHz/29cm/三風扇/註五年)*限組裝,$31990 ◆ ★ 熱賣
微星 RTX5070Ti 16G GAMING TRIO OC(2580MHz/34cm/三風扇/註五年)*限組裝,$32990 ◆ ★
微星 RTX5070Ti 16G VANGUARD SOC先鋒(2602MHz/36cm/三風扇/註五年)*限組裝,$35990 ◆ ★
ZOTAC RTX5070Ti SOLID CORE OC(2482MHz/31cm/三風扇/註五年)同5080風扇用料,$31990 ◆ ★
ZOTAC RTX5070Ti SOLID CORE OC White Edition(2482MHz/31cm/註五年)*限組裝,$32990 ◆ ★
ZOTAC RTX5070Ti SOLID SFF OC(2482MHz/31cm/三風扇/註冊五年),$31990 ◆ ★
ZOTAC RTX5070Ti AMP Extreme INFINITY(2512MHz/31cm/三風扇/註五年),$33990 ◆ ★ 熱賣
INNO3D RTX5070TI X3(2452MHz/30cm/註冊四年/三風扇/Dual Slot)*限組裝,$28888 ◆ ★
INNO3D RTX5070TI X3 OC(2482MHz/30cm/註冊四年/三風扇/Dual Slot)*限組裝,$30888 ◆ ★
INNO3D RTX5070TI X3 OC WHITE(2482MHz/30cm/Dual Slot/雪白/註冊四年)*限組裝,$32888 ◆ ★
華碩 ROG-ASTRAL-RTX5080-O16G-GAMING(2790MHz/36cm/四風扇/註五年)*限組裝,$55990 ◆ ★
技嘉 RTX5080 WINDFORCE OC SFF 16G(2670MHz/31cm/三風扇/註四年) *限組裝,$44990 ◆ ★
技嘉 RTX5080 GAMING OC 16G(2730MHz/34cm/三風扇/註冊五年保)*限組裝,$48990 ◆ ★ 熱賣
技嘉 RTX5080 AERO OC SFF 16G(2730MHz/31cm/三風扇/註冊五年保)*限組裝,$49990 ◆ ★
技嘉 AORUS RTX5080 MASTER 16G(2805MHz/36cm/三風扇/註冊五年保)*限組裝,$54990 ◆ ★
技嘉 AORUS RTX5080 MASTER ICE 16G(2805MHz/36cm/三風扇/註五年)*限組裝,$55990 ◆ ★
微星 RTX5080 16G GAMING TRIO OC(2715MHz/34cm/三風扇/註冊五年保)*限組裝,$45990 ◆ ★
微星 RTX5080 16G VANGUARD SOC先鋒(2745MHz/36cm/三風扇/註五年)*限組裝,$48990 ◆ ★
微星 RTX5080 16G SUPRIM SOC(2760MHz/36cm/三風扇/註五年)*限組裝,$49990 ◆ ★ 熱賣
微星 RTX5080 16G SUPRIM LIQUID SOC(2760MHz/28cm/三風扇+水冷)*限組裝,$53990 ◆ ★
ZOTAC RTX5080 SOLID CORE OC(2640MHz/31cm/三風扇/註五年)*限組裝,$45990 ◆ ★
ZOTAC RTX5080 SOLID OC(2640MHz/33cm/三風扇/註五年)*限組裝,$46990 ◆ ★ 熱賣
ZOTAC RTX5080 SOLID OC White Edition(2640MHz/33cm/三風扇/註五年)限購一片,$47990 ◆ ★
ZOTAC RTX5080 AMP Extreme INFINITY(2670MHz/34cm/三風扇/註五年)限購一片,$49990 ◆ ★ 熱賣
INNO3D RTX5080 X3(2617MHz/30cm/三風扇/註四年)*限組裝,$40888 ◆ ★
INNO3D RTX5080 X3 OC(2640MHz/30cm/註四年/超頻三風扇/註四年) *限組裝,$42888 ◆ ★
INNO3D RTX5080 X3 OC WHITE(2640MHz/30cm/超頻三風扇/白/註四年)*限購一片,$44888 ◆ ★
華碩 TUF-RTX5090-O32G-GAMING(2580MHz/35cm/三風扇/註冊五年保)*限組裝,$99990 ◆ ★
華碩 ROG-ASTRAL-RTX5090-O32G-GAMING(2610MHz/36cm/註冊五年保)*限組裝,$105990 ◆ ★ 熱賣
華碩 ROG-ASTRAL-LC-RTX5090-O32G-GAMING(2610MHz/29cm/註五保/水冷)*限組裝,$109990 ◆ ★
技嘉 RTX5090 WINDFORCE OC 32G(2467MHz/35cm/三風扇/註冊四年保)*限組裝,$95990 ◆ ★ 熱賣
技嘉 RTX5090 GAMING OC 32G(2550MHz/35cm/三風扇/註冊五年保)*限組裝,$97990 ◆ ★ 熱賣
技嘉 AORUS RTX5090 MASTER 32G(2655MHz/36cm/三風扇/註冊五年保)*限組裝,$99990 ◆ ★
技嘉 AORUS RTX5090 MASTER ICE 32G(2655MHz/36cm/註冊五年保)*限組裝,$100990 ◆ ★
技嘉 AORUS RTX5090 XTREME WATERFORCE 32G(水冷/註冊五年保)*限組裝,$102990 ◆ ★
技嘉 AORUS RTX5090 XTREME WATERFORCE WB 32G(開放式水冷) *限組裝,$102990 ◆ ★
微星 RTX5090 32G VENTUS 3X OC(2452MHz/33cm/三風扇/註冊五年保)*限組裝,$71990 ◆ ★
微星 RTX5090 32G GAMING TRIO OC(2497MHz/36cm/三風扇/註冊五年保) *限組裝,$95990 ◆ ★ 熱賣
微星 RTX5090 32G VANGUARD SOC(2527MHz/36cm/三風扇/註冊五年保)*限組裝,$98990 ◆ ★ 熱賣
微星 RTX5090 32G SUPRIM SOC(2580MHz/36cm/三風扇/註冊五年保)*限組裝,$99990 ◆ ★
微星 RTX5090 32G SUPRIM LIQUID SOC(2580MHz/28cm/水冷/註冊五年保)*限組裝,$103990 ◆ ★
ZOTAC RTX5090 SOLID OC(2422MHz/33cm/三風扇/註冊五年保) *限組裝,$96990 ◆ ★
ZOTAC RTX5090 SOLID OC White Edition(2422MHz/33cm/三風扇/註冊五年保)*限組裝,$97990 ◆ ★
ZOTAC RTX5090 AMP Extreme INFINITY(2467MHz/34cm/三風扇/註五年)限購一片不限組裝,$98990 ◆ ★ 熱賣
INNO3D RTX5090 X3(2400MHz/33cm/註冊四年/三風扇)*限組裝,$89888 ◆ ★
INNO3D RTX5090 X3 OC(2452MHz/33cm/註冊四年/三風扇)*限組裝,$93888 ◆ ★
麗臺 T400(4G GDDR6 64bit/CUDA:384/15.6cm/12nm製程/註冊三年),$5900 ◆ ★ 熱賣 ↓任搭100↓
麗臺 T1000(4G GDDR6 128bit/CUDA:896/15.6cm/12nm/註冊三年),$11900 ◆ ★ ↓任搭200↓
麗臺 T1000(8G GDDR6 128bit/CUDA:896/15.6cm/12nm/註冊三年),$14500 ◆ ★ ↓任搭900↓
麗臺 NVIDIA RTX 2000 Ada(16GB GDDR6/CUDA:2816/16.76cm)【價可議】,$27900 ◆ ★ ↓任搭2000↓
麗臺 NVIDIA RTX 4000 SFF Ada(20GB GDDR6 ECC/16.76cm/小卡)【少量.價可議】,$58000 ◆ ★ ↓任搭2000↓
麗臺 NVIDIA RTX 4000 Ada(20GB GDDR6 ECC/24.13cm/註三年)【少量.價可議】,$58000 ◆ ★ ↓任搭2000↓
麗臺 NVIDIA RTX 4500 Ada(24GB GDDR6 ECC/26.67cm/註三年)【少量.價可議】,$105000 ◆ ★ ↓任搭3000↓
麗臺 NVIDIA RTX 5000 Ada(32GB GDDR6 ECC/26.67cm/註三年)【少量.價可議】,$179000 ◆ ★ ↓任搭5000↓
麗臺 NVIDIA RTX 6000 Ada(48GB GDDR6 ECC/26.67cm/註三年)【少量.價可議】,$299000 ◆ ★ ↓任搭5000↓
麗臺 NVIDIA RTX A400(4G GDDR6 64bit/CUDA:768/16.26cm),$6400 ◆ ★ ↓任搭500↓
麗臺 NVIDIA RTX A1000(8G GDDR6 128bit/CUDA:2304/16.26cm),$15300 ◆ ★ ↓任搭800↓
麗臺 NVIDIA RTX A2000(12G GDDR6 192bit/CUDA:3328/16.76cm)【現金優惠價】,$23900 ◆ ★
麗臺 NVIDIA RTX A5500(24G GDDR6 384bit/CUDA:10240/26.7cm)【少量.價可議】,$143000 ◆ ★ ↓任搭500↓
撼訊 AXR7 240 2GBD5-HLEV2(780MHz/18cm/三年保),$1990 ◆ ★
ACER Predator Radeon RX7600 8G OC(2725MHz/26.7cm/雙風扇/註三年),$8990↘$7990 ◆ ★
華碩 DUAL-RX9060XT-8G(21cm/雙風扇/註冊四年保),$10990 ◆ ★
華碩 PRIME-RX9060XT-O8G(31cm/三風扇/註冊五年保),$11990 ◆ ★
技嘉 RX9060XT GAMING 8G(28cm/三風扇/註冊五年保),$10490 ◆ ★ 熱賣
技嘉 RX9060XT GAMING OC 8G(28cm/三風扇/註冊五年保),$11590 ◆ ★
華擎 RX9060XT Challenger 8GB OC(3290MHz/25cm/雙風扇/註冊四年保),$10490 ◆ ★
華擎 RX9060XT Steel Legend 8GB OC(3320MHz/30cm/三風扇/註冊五年保),$12290 ◆ ★
撼訊 RX9060XT 8G-A 遊蕩者Reaper(3130MHz/22cm/雙風扇/三年保固),$10490 ◆ ★
撼訊 RX9060XT 8G-L/OC Hellhound 暗黑犬(3310MHz/33cm/三風扇/註冊四年保固),$11490 ◆ ★
華碩 PRIME-RX9060XT-O16G(31cm/三風扇/註冊五年保),$12990 ◆ ★ 熱賣
華碩 TUF-RX9060XT-O16G-GAMING(31cm/三風扇/註冊五年保),$14590 ◆ ★
技嘉 RX9060XT GAMING OC 16G(28cm/三風扇/註冊五年保),$13590 ◆ ★ 熱賣
華擎 RX9060XT Challenger 16GB OC(3290MHz/25cm/雙風扇/註冊四年保),$12490 ◆ ★
華擎 RX9060XT Steel Legend 16GB OC(3320MHz/30cm/三風扇/註冊五年保),$14890 ◆ ★
撼訊 RX9060XT 16G-A 遊蕩者Reaper(3230MHz/22cm/雙風扇/三年保固),$12490 ◆ ★
撼訊 RX9060XT 16G-L/OC Hellhound 暗黑犬(3310MHz/33cm/三風扇/註冊四年保固),$13490 ◆ ★
華碩 PRIME-RX9070-O16G(2610MHz/32cm/三風扇/五年保)*限購一片,$22990 ◆ ★
華擎 RX9070 Challenger 16GB(2520MHz/29cm/三風扇/五年保)*限購一片,$24390 ◆ ★ 熱賣
撼訊 RX9070 16G-L/OC 暗黑犬(2590MHz/34cm/三風扇/註冊四年保)*限購一片,$21990 ◆ ★
華碩 PRIME-RX9070XT-O16G(3030MHz/32cm/三風扇/五年保)*限組裝,$25990 ◆ ★
華擎 RX9070XT Steel Legend Dark 16GB(2970MHz/30cm)*限組裝,$26990 ★
華擎 RX9070XT Steel Legend 16GB(2970MHz/30cm)*限組裝,$26990 ◆ ★
華擎 RX9070XT Taichi 16GB OC(3100MHz/33cm/三風扇)*限組裝,$29990 ◆ ★
ACER NITRO RX9070XT 16G OC(3100MHz/30cm/三風扇)*限組裝,$22990 ◆ ★
撼訊 RX9070XT 16G-L/OC 暗黑犬(3010MHz/34cm/三風扇)*限組裝,$24990 ◆ ★
撼訊 RX9070XT 16G-E/OC 紅魔(3060MHz/36cm/三風扇)*限組裝,$25990 ◆ ★
